symbol,timestamp,open,high,low,close,volume,sentiment_score,sentiment_score_nlp

MSFT,2024-10-11,416.1350,417.1300,413.2500,416.3200,14144944,-0.013499999999999998,0.9263665278752645
MSFT,2024-10-10,415.2250,417.3500,413.1500,415.8400,13848376,0.26496000000000003,0.9555247664451599
MSFT,2024-10-09,415.8600,420.3800,414.3000,417.4600,14974257,0.52795,0.8916350454092026
MSFT,2024-10-08,410.9000,415.6600,408.1700,414.7100,19229261,0.69512,0.9418869733810424
MSFT,2024-10-07,416.0000,417.1100,409.0000,409.5400,20919761,0.14968888888888893,0.939679377608829
MSFT,2024-10-04,418.2400,419.7500,414.9700,416.0600,19190913,0.2781272727272727,0.9496495777910406
MSFT,2024-10-03,417.6300,419.5500,414.2900,416.5400,13686421,0.7411142857142857,0.9569236891610282
MSFT,2024-10-02,422.5800,422.8200,416.7100,417.1300,16582257,0.5470999999999999,0.9827745258808136
MSFT,2024-10-01,428.4500,428.4800,418.8100,420.6900,19092945,1.1481333333333332,0.847596267859141
MSFT,2024-09-30,428.2100,430.4200,425.3700,430.3000,16854606,0.8251,0.8301721066236496
MSFT,2024-09-27,431.5200,431.8500,427.4700,428.0200,14896131,0.8013777777777779,0.9662545720736185
MSFT,2024-09-26,435.0850,435.3000,429.1300,431.3100,14492044,0.8749285714285714,0.988862795489175
MSFT,2024-09-25,429.8300,433.1190,428.5700,432.1100,13396364,0.81625,0.992176815867424
MSFT,2024-09-24,433.0000,433.3500,426.1000,429.1700,17015754,0.9583142857142857,0.9591629079410008
MSFT,2024-09-23,434.2800,436.4600,430.3889,433.5100,15128891,0.9913333333333334,0.9622472061051263
MSFT,2024-09-20,437.2200,439.2400,434.2200,435.2700,55167106,1.0272285714285714,0.9169127004487174
MSFT,2024-09-19,441.2250,441.5000,436.9000,438.6900,21706559,0.7415666666666666,0.9119503796100616
MSFT,2024-09-18,435.0000,436.0300,430.4100,430.8100,18898042,0.6534333333333334,0.9130428632100424
MSFT,2024-09-17,440.2300,441.8500,432.2700,435.1500,18874231,0.46954,0.9950893521308899
MSFT,2024-09-16,430.6000,433.5300,428.2200,431.3400,13834697,0.213425,0.9949608892202377
MSFT,2024-09-13,425.8250,431.8300,425.4600,430.5900,15874555,0.8623,0.9986135760943095
MSFT,2024-09-12,423.3100,427.3692,419.7500,427.0000,17418759,0.8623,0.9986135760943095
MSFT,2024-09-11,415.5000,423.9900,409.5800,423.0400,19266923,0.8623,0.9986135760943095
MSFT,2024-09-10,408.2000,416.3300,407.7000,414.2000,19594287,0.45732500000000004,0.9890676587820053
MSFT,2024-09-09,407.2400,408.6500,402.1500,405.7200,15295134,-0.34865,0.9794430732727051
MSFT,2024-09-06,409.0600,410.6500,400.8000,401.7000,19609526,0.5245333333333333,0.9490408235126071
MSFT,2024-09-05,407.6200,413.1000,406.1300,408.3900,14195516,0.5825625,0.9428638964891434
MSFT,2024-09-04,405.9100,411.2400,404.3700,408.9000,14886710,0.25506666666666666,0.9974958101908366
MSFT,2024-09-03,417.9100,419.8800,407.0300,409.4400,20313603,0.25506666666666666,0.9974958101908366
MSFT,2024-08-30,415.6000,417.4900,412.1300,417.1400,24308324,0.90479,0.9531589090824127
MSFT,2024-08-29,414.9400,422.0500,410.6000,413.1200,17045241,0.6981142857142857,0.9447677646364484
MSFT,2024-08-28,414.8800,415.0000,407.3100,410.6000,14882660,0.45868000000000003,0.9292396545410156
MSFT,2024-08-27,412.8600,414.3600,410.2500,413.8400,13492911,0.45868000000000003,0.9292396545410156
MSFT,2024-08-26,416.3650,417.2799,411.3400,413.4900,13152830,0.688742857142857,0.9392945170402527
MSFT,2024-08-23,416.9800,419.2600,412.0900,416.7900,18493784,0.7767142857142858,0.941215625831059
MSFT,2024-08-22,424.3600,426.7899,414.6100,415.5500,19361901,0.6028,0.9939846992492676
MSFT,2024-08-21,424.0750,426.4000,421.7200,424.1400,16067298,0.6028,0.9939846992492676
MSFT,2024-08-20,421.7000,425.8600,421.6400,424.8000,16387581,1.2056,0.9958834052085876
MSFT,2024-08-19,418.9600,421.7500,416.4600,421.5300,15233957,0.68255,0.9964726269245148
MSFT,2024-08-16,420.6000,421.3400,417.3000,418.4700,22775593,0,0
MSFT,2024-08-15,419.8000,421.1100,417.6600,421.0300,20752144,0,0
MSFT,2024-08-14,414.8000,417.7200,412.4456,416.8600,18266980,0,0
MSFT,2024-08-13,409.5900,414.9500,409.5700,414.0100,19414271,0,0
MSFT,2024-08-12,407.0600,408.7600,404.2434,406.8100,16762883,0.5046666666666667,0.9430018762747446
MSFT,2024-08-09,404.0300,408.0500,402.2624,406.0200,19276666,0.27912000000000003,0.9665198266506195
MSFT,2024-08-08,402.4400,405.8600,399.9407,402.6900,20203030,0.23691428571428577,0.9985461916242327
MSFT,2024-08-07,408.6350,410.0800,397.4700,398.4300,20650906,0.032909090909090916,0.9972519766200673
MSFT,2024-08-06,400.0000,405.6700,398.5000,399.6100,24946525,0.17300833333333335,0.9932616253693899
MSFT,2024-08-05,389.1700,401.0400,385.5800,395.1500,40709238,0.29269999999999996,0.9901729317811819
MSFT,2024-08-02,412.4900,415.0000,404.3400,408.4900,29437900,0.57250625,0.9775561471780141
MSFT,2024-08-01,420.7850,427.4600,413.0901,417.1100,30296400,0.6001740740740741,0.9751652097702026
MSFT,2024-07-31,420.4950,421.7750,412.2100,418.3500,42891366,0.63315,0.9836304595595912
MSFT,2024-07-30,427.7200,429.0500,417.3600,422.9200,32687578,0.7681888888888889,0.9851715233590868
MSFT,2024-07-29,431.5800,432.1500,424.7042,426.7300,15125836,1.1739400000000002,0.9881246089935303
MSFT,2024-07-26,418.2000,428.9150,417.2700,425.2700,23583839,0.5012624999999999,0.9907122030854225
MSFT,2024-07-25,428.8000,429.8000,417.5100,418.4000,29943795,0.3774999999999999,0.9906708002090454
MSFT,2024-07-24,440.4500,441.4800,427.5850,428.9000,26805800,0.08241249999999996,0.990986242890358
MSFT,2024-07-23,443.8950,448.3900,443.1000,444.8500,13107050,-0.193225,0.9972245991230011
MSFT,2024-07-22,441.7900,444.6000,438.9125,442.9400,15808755,0.23902,0.9938505530357361
MSFT,2024-07-19,433.1000,441.1400,432.0000,437.1100,20940417,0.8808,0.9807486070526971
MSFT,2024-07-18,444.3400,444.6500,434.4000,440.3700,20794822,0.9400375,0.9685304462909698
MSFT,2024-07-17,442.5900,444.8500,439.1800,443.5200,21754021,0.72026,0.9781383156776429
MSFT,2024-07-16,454.2200,454.3000,446.6600,449.5200,17175679,0.5661142857142857,0.9842461517878941
MSFT,2024-07-15,453.3000,457.2600,451.4300,453.9600,14429447,0.805075,0.9848610684275627
MSFT,2024-07-12,454.3250,456.3600,450.6450,453.5500,16324274,1.2413444444444444,0.91985907819536
MSFT,2024-07-11,462.9800,464.7800,451.5500,454.7000,23111175,1.05433,0.9276612043380738
MSFT,2024-07-10,461.2200,466.4600,458.8550,466.2500,18196100,1.0219636363636364,0.9954663460904901
MSFT,2024-07-09,467.0000,467.3300,458.0000,459.5400,17228507,1.0672083333333333,0.9940385023752848
MSFT,2024-07-08,466.5500,467.7000,464.4600,466.2400,12962321,0.9987727272727273,0.9902747436003252
MSFT,2024-07-05,459.6100,468.3500,458.9650,467.5600,16000290,0.5614,0.9799678126970927
MSFT,2024-07-03,458.1900,461.0200,457.8800,460.7700,9932830,0.31789999999999996,0.9726234078407288
MSFT,2024-10-11,416.1350,417.1300,413.2500,416.3200,14144944,0,0
MSFT,2024-10-10,415.2250,417.3500,413.1500,415.8400,13848376,0,0
MSFT,2024-10-09,415.8600,420.3800,414.3000,417.4600,14974257,0,0
MSFT,2024-10-08,410.9000,415.6600,408.1700,414.7100,19229261,0,0
MSFT,2024-10-07,416.0000,417.1100,409.0000,409.5400,20919761,0,0
MSFT,2024-10-04,418.2400,419.7500,414.9700,416.0600,19190913,0,0
MSFT,2024-10-03,417.6300,419.5500,414.2900,416.5400,13686421,0,0
MSFT,2024-10-02,422.5800,422.8200,416.7100,417.1300,16582257,0,0
MSFT,2024-10-01,428.4500,428.4800,418.8100,420.6900,19092945,0,0
MSFT,2024-10-11,416.1350,417.1300,413.2500,416.3200,14144944,-0.013499999999999998,0.9263665278752645
MSFT,2024-10-10,415.2250,417.3500,413.1500,415.8400,13848376,0.26496000000000003,0.9555247664451599
MSFT,2024-10-09,415.8600,420.3800,414.3000,417.4600,14974257,0.52795,0.8916350454092026
MSFT,2024-10-08,410.9000,415.6600,408.1700,414.7100,19229261,0.69512,0.9418869733810424
MSFT,2024-10-07,416.0000,417.1100,409.0000,409.5400,20919761,0.14968888888888893,0.939679377608829
MSFT,2024-10-04,418.2400,419.7500,414.9700,416.0600,19190913,0.2781272727272727,0.9496495777910406
MSFT,2024-10-03,417.6300,419.5500,414.2900,416.5400,13686421,0.7411142857142857,0.9569236891610282
MSFT,2024-10-02,422.5800,422.8200,416.7100,417.1300,16582257,0.5470999999999999,0.9827745258808136
MSFT,2024-10-01,428.4500,428.4800,418.8100,420.6900,19092945,1.1481333333333332,0.847596267859141
MSFT,2024-09-30,428.2100,430.4200,425.3700,430.3000,16854606,0.8251,0.8301721066236496
MSFT,2024-09-27,431.5200,431.8500,427.4700,428.0200,14896131,0.8013777777777779,0.9662545720736185
MSFT,2024-09-26,435.0850,435.3000,429.1300,431.3100,14492044,0.8749285714285714,0.988862795489175
MSFT,2024-09-25,429.8300,433.1190,428.5700,432.1100,13396364,0.81625,0.992176815867424
MSFT,2024-09-24,433.0000,433.3500,426.1000,429.1700,17015754,0.9583142857142857,0.9591629079410008
MSFT,2024-09-23,434.2800,436.4600,430.3889,433.5100,15128891,0.9913333333333334,0.9622472061051263
MSFT,2024-09-20,437.2200,439.2400,434.2200,435.2700,55167106,1.0272285714285714,0.9169127004487174
MSFT,2024-09-19,441.2250,441.5000,436.9000,438.6900,21706559,0.7415666666666666,0.9119503796100616
MSFT,2024-09-18,435.0000,436.0300,430.4100,430.8100,18898042,0.6534333333333334,0.9130428632100424
MSFT,2024-09-17,440.2300,441.8500,432.2700,435.1500,18874231,0.46954,0.9950893521308899
MSFT,2024-09-16,430.6000,433.5300,428.2200,431.3400,13834697,0.213425,0.9949608892202377
MSFT,2024-09-13,425.8250,431.8300,425.4600,430.5900,15874555,0.8623,0.9986135760943095
MSFT,2024-09-12,423.3100,427.3692,419.7500,427.0000,17418759,0.8623,0.9986135760943095
MSFT,2024-09-11,415.5000,423.9900,409.5800,423.0400,19266923,0.8623,0.9986135760943095
MSFT,2024-09-10,408.2000,416.3300,407.7000,414.2000,19594287,0.45732500000000004,0.9890676587820053
MSFT,2024-09-09,407.2400,408.6500,402.1500,405.7200,15295134,-0.34865,0.9794430732727051
MSFT,2024-09-06,409.0600,410.6500,400.8000,401.7000,19609526,0.5245333333333333,0.9490408235126071
MSFT,2024-09-05,407.6200,413.1000,406.1300,408.3900,14195516,0.5825625,0.9428638964891434
MSFT,2024-09-04,405.9100,411.2400,404.3700,408.9000,14886710,0.25506666666666666,0.9974958101908366
MSFT,2024-09-03,417.9100,419.8800,407.0300,409.4400,20313603,0.25506666666666666,0.9974958101908366
MSFT,2024-08-30,415.6000,417.4900,412.1300,417.1400,24308324,0.90479,0.9531589090824127
MSFT,2024-08-29,414.9400,422.0500,410.6000,413.1200,17045241,0.6981142857142857,0.9447677646364484
MSFT,2024-08-28,414.8800,415.0000,407.3100,410.6000,14882660,0.45868000000000003,0.9292396545410156
MSFT,2024-08-27,412.8600,414.3600,410.2500,413.8400,13492911,0.45868000000000003,0.9292396545410156
MSFT,2024-08-26,416.3650,417.2799,411.3400,413.4900,13152830,0.688742857142857,0.9392945170402527
MSFT,2024-08-23,416.9800,419.2600,412.0900,416.7900,18493784,0.7767142857142858,0.941215625831059
MSFT,2024-08-22,424.3600,426.7899,414.6100,415.5500,19361901,0.6028,0.9939846992492676
MSFT,2024-08-21,424.0750,426.4000,421.7200,424.1400,16067298,0.6028,0.9939846992492676
MSFT,2024-08-20,421.7000,425.8600,421.6400,424.8000,16387581,1.2056,0.9958834052085876
MSFT,2024-08-19,418.9600,421.7500,416.4600,421.5300,15233957,0.68255,0.9964726269245148
MSFT,2024-08-16,420.6000,421.3400,417.3000,418.4700,22775593,0,0
MSFT,2024-08-15,419.8000,421.1100,417.6600,421.0300,20752144,0,0
MSFT,2024-08-14,414.8000,417.7200,412.4456,416.8600,18266980,0,0
MSFT,2024-08-13,409.5900,414.9500,409.5700,414.0100,19414271,0,0
MSFT,2024-08-12,407.0600,408.7600,404.2434,406.8100,16762883,0.5046666666666667,0.9430018762747446
MSFT,2024-08-09,404.0300,408.0500,402.2624,406.0200,19276666,0.27912000000000003,0.9665198266506195
MSFT,2024-08-08,402.4400,405.8600,399.9407,402.6900,20203030,0.23691428571428577,0.9985461916242327
MSFT,2024-08-07,408.6350,410.0800,397.4700,398.4300,20650906,0.032909090909090916,0.9972519766200673
MSFT,2024-08-06,400.0000,405.6700,398.5000,399.6100,24946525,0.17300833333333335,0.9932616253693899
MSFT,2024-08-05,389.1700,401.0400,385.5800,395.1500,40709238,0.29269999999999996,0.9901729317811819
MSFT,2024-08-02,412.4900,415.0000,404.3400,408.4900,29437900,0.57250625,0.9775561471780141
MSFT,2024-08-01,420.7850,427.4600,413.0901,417.1100,30296400,0.6001740740740741,0.9751652097702026
MSFT,2024-07-31,420.4950,421.7750,412.2100,418.3500,42891366,0.63315,0.9836304595595912
MSFT,2024-07-30,427.7200,429.0500,417.3600,422.9200,32687578,0.7681888888888889,0.9851715233590868
MSFT,2024-07-29,431.5800,432.1500,424.7042,426.7300,15125836,1.1739400000000002,0.9881246089935303
MSFT,2024-07-26,418.2000,428.9150,417.2700,425.2700,23583839,0.5012624999999999,0.9907122030854225
MSFT,2024-07-25,428.8000,429.8000,417.5100,418.4000,29943795,0.3774999999999999,0.9906708002090454
MSFT,2024-07-24,440.4500,441.4800,427.5850,428.9000,26805800,0.08241249999999996,0.990986242890358
MSFT,2024-07-23,443.8950,448.3900,443.1000,444.8500,13107050,-0.193225,0.9972245991230011
MSFT,2024-07-22,441.7900,444.6000,438.9125,442.9400,15808755,0.23902,0.9938505530357361
MSFT,2024-07-19,433.1000,441.1400,432.0000,437.1100,20940417,0.8808,0.9807486070526971
MSFT,2024-07-18,444.3400,444.6500,434.4000,440.3700,20794822,0.9400375,0.9685304462909698
MSFT,2024-07-17,442.5900,444.8500,439.1800,443.5200,21754021,0.72026,0.9781383156776429
MSFT,2024-07-16,454.2200,454.3000,446.6600,449.5200,17175679,0.5661142857142857,0.9842461517878941
MSFT,2024-07-15,453.3000,457.2600,451.4300,453.9600,14429447,0.805075,0.9848610684275627
MSFT,2024-07-12,454.3250,456.3600,450.6450,453.5500,16324274,1.2413444444444444,0.91985907819536
MSFT,2024-07-11,462.9800,464.7800,451.5500,454.7000,23111175,1.05433,0.9276612043380738
MSFT,2024-07-10,461.2200,466.4600,458.8550,466.2500,18196100,1.0219636363636364,0.9954663460904901
MSFT,2024-07-09,467.0000,467.3300,458.0000,459.5400,17228507,1.0672083333333333,0.9940385023752848
MSFT,2024-07-08,466.5500,467.7000,464.4600,466.2400,12962321,0.9987727272727273,0.9902747436003252
MSFT,2024-07-05,459.6100,468.3500,458.9650,467.5600,16000290,0.5614,0.9799678126970927
MSFT,2024-07-03,458.1900,461.0200,457.8800,460.7700,9932830,0.31789999999999996,0.9726234078407288
MSFT,2024-07-02,453.2000,459.5900,453.1130,459.2800,13979779,0.6415,0.9981028437614441
MSFT,2024-07-01,448.6600,457.3700,445.6600,456.7300,17662818,1.16035,0.9921582341194153
MSFT,2024-06-28,453.0700,455.3800,446.4100,446.9500,28362271,1.0225,0.9387310817837715
MSFT,2024-06-27,452.1750,456.1700,451.7700,452.8500,14806324,0.88465,0.8853039294481277
MSFT,2024-06-26,449.0000,453.6000,448.1900,452.1600,16507030,0.41605000000000003,0.9034359902143478
MSFT,2024-06-25,448.2500,451.4200,446.7500,450.9500,16747529,0.35704,0.9220545768737793
MSFT,2024-06-24,449.8000,452.7500,446.4100,447.6700,15913719,0.7252799999999999,0.9932420372962951
MSFT,2024-06-21,447.3800,450.5800,446.5100,449.7800,34486172,0.8328000000000001,0.9481803408035865
MSFT,2024-06-20,446.3000,446.5300,441.2700,445.7000,19877378,0.64109,0.9354848265647888
MSFT,2024-06-18,449.7050,450.1400,444.8900,446.3400,17112504,0.5912769230769231,0.9569668082090524
MSFT,2024-06-17,442.5850,450.9400,440.7200,448.3700,20790030,0.4085666666666667,0.9636965062883165
MSFT,2024-06-14,438.2750,443.1376,436.7210,442.5700,13581985,0.32154,0.9763620760705736
MSFT,2024-06-13,440.8500,443.3900,439.3700,441.5800,15960565,0.4701083333333334,0.9843245853077282
MSFT,2024-06-12,435.3200,443.4000,433.2500,441.0600,22366233,0.5319769230769231,0.9843664715687434
MSFT,2024-06-11,425.4750,432.8200,425.2500,432.6800,14551101,0.49925000000000014,0.9949883222579956
MSFT,2024-06-10,424.7000,428.0800,423.8900,427.8700,14003034,0.598375,0.9925445467233658
MSFT,2024-06-07,426.2000,426.2800,423.0000,423.8500,13621650,0,0
MSFT,2024-06-06,424.0100,425.3100,420.5800,424.5200,14861251,0,0
MSFT,2024-06-05,417.8100,424.0800,416.3000,424.0100,16988038,0,0
MSFT,2024-06-04,412.4300,416.4400,409.6750,416.0700,14348917,1.05063,0.9547470092773438
MSFT,2024-06-03,415.5250,416.4300,408.9234,413.5200,17484675,1.0204999999999997,0.9297035813331604
MSFT,2024-05-31,416.7500,416.7500,404.5100,415.1300,47995250,0.39025999999999994,0.8841064810752869
MSFT,2024-05-30,424.3000,424.3000,414.2400,414.6700,28424847,0.39025999999999994,0.8841064810752869
MSFT,2024-05-29,425.6900,430.9400,425.6900,429.1700,15517130,0.7152,0.8556104600429535
MSFT,2024-05-28,429.6300,430.8200,426.6000,430.3200,15718024,0.5638399999999999,0.879464328289032
MSFT,2024-05-24,427.1900,431.0550,424.4100,430.1600,11855285,0.68305,0.8427112301190695
MSFT,2024-05-23,432.9700,433.6000,425.4240,427.0000,17211689,0.7531833333333333,0.9169000883897146
MSFT,2024-05-22,430.0900,432.4100,427.1300,430.5200,18073698,0.6122166666666667,0.9184949696063995
MSFT,2024-05-21,426.8250,432.9700,424.8500,429.0400,21453255,0.42425555555555555,0.9448424312803481
MSFT,2024-05-20,420.2100,426.7700,419.9900,425.3400,16272137,0.3984285714285714,0.9964847905295235
MSFT,2024-05-17,422.5400,422.9200,418.0250,420.2100,15352239,0.9741500000000001,0.9946068674325943
MSFT,2024-05-16,421.8000,425.4200,420.3500,420.9900,17530050,0.5927666666666667,0.9977660775184631
MSFT,2024-05-15,417.9000,423.8100,417.2700,423.0800,22239533,0.5927666666666667,0.9977660775184631
MSFT,2024-05-14,412.0200,417.4900,411.5500,416.5600,15109306,0.6156,0.9983141223589579
MSFT,2024-05-13,418.0100,418.3480,410.8200,413.7200,15440226,0.4436666666666666,0.990516205628713
MSFT,2024-05-10,412.9350,415.3800,411.8000,414.7400,13402281,0.46646,0.919683039188385
MSFT,2024-05-09,410.5700,412.7200,409.1000,412.3200,14689727,0.3848,0.8746571739514669
MSFT,2024-05-08,408.1700,412.2300,406.7132,410.5400,11792308,0.6496,0.9991065859794617
MSFT,2024-05-07,414.6600,414.6700,409.0900,409.3400,20018228,1.0261,0.9993880987167358
MSFT,2024-05-06,408.7600,413.9300,406.3701,413.5400,16996639,0.727325,0.9987003803253174
MSFT,2024-05-03,402.2800,407.1500,401.8600,406.6600,17446724,0.2220333333333334,0.9895297487576803
MSFT,2024-05-02,397.6600,399.9300,394.6515,397.8400,17709364,-0.18366666666666664,0.9805883566538492
MSFT,2024-05-01,392.6100,401.7199,390.3100,394.9400,23562481,0.29045,0.9714041352272034
MSFT,2024-04-30,401.4900,402.1600,389.1700,389.3300,28781374,0.33254999999999996,0.9983464082082113
MSFT,2024-04-29,405.2500,406.3200,399.1900,402.2500,19582091,0.45540909090909093,0.9755641877651214
MSFT,2024-04-26,412.1700,413.0000,405.7601,406.3200,29694654,0.5611777777777778,0.9731855922275119
MSFT,2024-04-25,394.0300,399.8899,388.0300,399.0400,40586450,0.9885666666666667,0.9013472596804301
MSFT,2024-04-24,409.5600,412.4700,406.7800,409.0600,15065330,1.2308000000000001,0.8500666419665018
MSFT,2024-04-23,404.2350,408.2000,403.0600,407.5700,15734501,0.8440124999999999,0.9416304677724838
MSFT,2024-04-22,400.0800,402.8500,395.7500,400.9600,20286875,0.8472285714285716,0.9334050331796918
MSFT,2024-04-19,404.0300,405.4800,397.7700,399.1200,30565789,1.0491000000000001,0.9940680861473083
MSFT,2024-04-18,410.6300,411.8900,403.9500,404.2700,21029917,1.1318666666666666,0.9607391556104025
MSFT,2024-04-17,417.2500,418.8800,410.3300,411.8400,15855485,1.1318666666666666,0.9607391556104025
MSFT,2024-04-16,414.5700,418.4000,413.7301,414.5800,16765616,1.0397333333333334,0.9783483544985453
MSFT,2024-04-15,426.6000,426.8200,413.4300,413.6400,20273538,0.99605,0.9790774583816528
MSFT,2024-04-12,424.0500,425.1794,419.7700,421.9000,19253750,0.22194285714285716,0.9812788452420916
MSFT,2024-04-11,425.8200,429.3700,422.3600,427.9300,17966423,0.36020909090909087,0.9857465895739469
MSFT,2024-04-10,422.1900,424.0300,419.7000,423.2600,16216581,0.5310909090909092,0.9840564185922797
MSFT,2024-04-09,426.4400,427.7400,421.6200,426.2800,12468710,0.7796166666666666,0.9917454024155935
MSFT,2024-04-08,425.1700,427.2800,423.3000,424.5900,14248192,0.7796166666666666,0.9917454024155935
MSFT,2024-04-05,420.0100,426.5100,418.3200,425.5200,16526878,1.4625,0.9923028647899628
MSFT,2024-04-04,424.9900,428.6700,417.5700,417.8800,19290884,0.8905,0.9654023885726929
MSFT,2024-04-03,419.7300,423.2600,419.0850,420.4500,16462007,0.8905,0.9654023885726929
MSFT,2024-04-02,420.1100,422.3800,417.8400,421.4400,17861855,0.9625111111111111,0.9742723239792718
MSFT,2024-04-01,423.9500,427.8900,422.2200,424.5700,15602611,0.8965249999999999,0.9716691970825195
MSFT,2024-03-28,420.9600,421.8700,419.1200,420.7200,21871161,0.9598333333333334,0.9849775234858195
MSFT,2024-03-27,424.4400,424.4500,419.0100,421.4300,16704978,1.06465,0.9881844222545624
MSFT,2024-03-26,425.6100,425.9900,421.3500,421.6500,16725647,0.9984333333333334,0.9967232545216879
MSFT,2024-03-25,425.2400,427.4100,421.6100,422.8600,18060450,0.9984333333333334,0.9967232545216879
MSFT,2024-03-22,429.7000,429.8600,426.0700,428.7400,17648473,0.8988666666666667,0.8239532510439554
MSFT,2024-03-21,429.8300,430.8200,427.1600,429.3700,21296222,0.8988666666666667,0.8239532510439554
MSFT,2024-03-20,422.0000,425.9600,420.6600,425.2300,17860085,1.278,0.7417832314968109
MSFT,2024-03-19,417.8300,421.6656,415.5500,421.4100,19837915,1.6018,0.5170653462409973
MSFT,2024-03-18,414.2500,420.7300,413.7800,417.3200,20105977,0.99,0.9980186223983765
MSFT,2024-03-15,419.2900,422.6000,412.7900,416.4200,45079903,0.9101333333333335,0.9980229338010153
MSFT,2024-03-14,420.2400,427.8200,417.9900,425.2200,33955263,0.7038666666666668,0.9644283652305603
MSFT,2024-03-13,418.1000,418.1800,411.4500,415.1000,16990048,0.8483,0.9469624757766724
MSFT,2024-03-12,407.6200,415.5700,406.7900,415.2800,21563656,0.8483,0.9469624757766724
MSFT,2024-03-11,403.7600,405.6800,401.2600,404.5200,15998511,0.8991499999999999,0.8833537995815277
MSFT,2024-03-08,407.9600,410.4200,404.3300,406.2200,18002186,0.7883833333333333,0.9626656472682953
MSFT,2024-03-07,406.1200,409.7800,402.2400,409.1400,18718479,0.6606400000000001,0.9813042402267456
MSFT,2024-03-06,402.9700,405.1600,398.3900,402.0900,22344149,0.6673428571428571,0.9801921248435974
MSFT,2024-03-05,413.9600,414.2500,400.6400,402.6500,26919177,0.718725,0.9681806564331055
MSFT,2024-03-04,413.4400,417.3500,412.3200,414.9200,17595956,0.8418,0.9861091375350952
MSFT,2024-03-01,411.2700,415.8700,410.8800,415.5000,17823445,1.023125,0.991836816072464
MSFT,2024-02-29,408.6400,414.2000,405.9200,413.6400,31947263,0.9784333333333334,0.989920179049174
MSFT,2024-02-28,408.1750,409.3000,405.3201,407.7200,13183125,0.9707666666666667,0.9890026251475016
MSFT,2024-02-27,407.9900,408.3200,403.8500,407.4800,14835827,0.9887000000000001,0.7793646156787872
MSFT,2024-02-26,411.4550,412.1600,407.3600,407.5400,16193505,0.9455,0.8446197708447775
MSFT,2024-02-23,415.6700,415.8600,408.9700,410.3400,16295879,0.63715,0.9843390882015228
MSFT,2024-02-22,410.1900,412.8300,408.5700,411.6500,27009869,0.5631666666666667,0.9874087572097778
MSFT,2024-02-21,400.1700,402.2900,397.2200,402.1800,18631072,1.1820000000000002,0.9829914569854736
MSFT,2024-02-20,403.2400,404.4900,398.0100,402.7900,24307915,0.66655,0.9904348105192184
MSFT,2024-02-16,407.9600,408.2900,403.4400,404.0600,22296495,0.6679,0.9935177266597748
MSFT,2024-02-15,408.1400,409.1300,404.2900,406.5600,21825525,0.6679,0.9935177266597748
MSFT,2024-02-14,408.0700,409.8400,404.5700,409.4900,20401190,1.060425,0.8796432912349701
MSFT,2024-02-13,404.9400,410.0710,403.3900,406.3200,27824936,0.68535,0.9065920611222585
MSFT,2024-02-12,420.5550,420.7400,414.7500,415.2600,21202921,0.7534666666666667,0.8915702899297079
MSFT,2024-02-09,415.2500,420.8200,415.0900,420.5500,22032844,0.87225,0.9484524130821228
MSFT,2024-02-08,414.0500,415.5600,412.5300,414.1100,21225257,-0.010249999999999981,0.9915639460086823
MSFT,2024-02-07,407.4400,414.3000,407.4000,414.0500,22340526,0.3017666666666667,0.8694488008817037
MSFT,2024-02-06,405.8800,407.9700,402.9100,405.4900,18382624,0.3277,0.8936326205730438
MSFT,2024-02-05,409.9000,411.1600,403.9900,405.6500,25352286,0.3277,0.8936326205730438
MSFT,2024-02-02,403.8100,412.6500,403.5600,411.2200,28256670,0.12954999999999997,0.9887245297431946
MSFT,2024-02-01,401.8300,408.0000,401.8000,403.7800,30657726,-0.023142857142857163,0.9888148563248771
MSFT,2024-01-31,406.9600,415.3200,397.2100,397.5800,47871097,0.026033333333333315,0.9870543877283732
MSFT,2024-01-30,412.2600,413.0500,406.4501,408.5900,33477610,-0.9393,0.9893568158149719
MSFT,2024-01-29,406.0600,409.9800,404.3300,409.7200,24510236,-0.05646666666666667,0.997255951166153
MSFT,2024-01-26,404.3700,406.1700,402.4300,403.9300,17803271,0.5700624999999999,0.9946159869432449
MSFT,2024-01-25,404.3200,407.0100,402.5294,404.8700,21021155,1.32,0.9875830014546713
MSFT,2024-01-24,401.5400,405.6300,400.4500,402.5600,23281889,1.4281666666666666,0.9952155351638794
MSFT,2024-01-23,395.7500,399.3800,393.9300,398.9000,20525882,1.2681,0.995302677154541
MSFT,2024-01-22,400.0200,400.6200,393.5900,396.5100,27016902,1.3649,0.9939858913421631
MSFT,2024-01-19,395.7600,398.6700,393.5000,398.6700,29331136,0.8664799999999999,0.9947087526321411
MSFT,2024-01-18,391.7200,393.9900,390.1200,393.8700,23392068,0.6644399999999999,0.9959379196166992
MSFT,2024-01-17,387.9800,390.1100,384.8100,389.4700,22234108,-0.0867,0.9929757118225098
MSFT,2024-01-16,393.6600,394.0300,387.6229,390.2700,27202268,-0.0867,0.9929757118225098
MSFT,2024-01-12,385.4900,388.6800,384.6500,388.4700,21661153,0.81014,0.9835964798927307
MSFT,2024-01-11,386.0000,390.6800,380.3800,384.6300,27850846,0.8655142857142858,0.9893112182617188
MSFT,2024-01-10,376.3700,384.1700,376.3200,382.7700,25514245,0.79682,0.9887797951698303
MSFT,2024-01-09,372.0100,375.9900,371.1900,375.7900,20829953,0.79682,0.9887797951698303
MSFT,2024-01-08,369.3000,375.2000,369.0100,374.6900,23133967,0.8799666666666667,0.9894861280918121
MSFT,2024-01-05,368.9700,372.0600,366.5000,367.7500,20074451,0.5084833333333334,0.9958970050017039
MSFT,2024-01-04,370.6650,373.1000,367.1700,367.9400,20901502,0.3591666666666667,0.9969137907028198
MSFT,2024-01-03,369.0100,373.2562,368.5100,370.6000,23083465,0.12515999999999994,0.9791680693626403
MSFT,2024-01-02,373.8600,375.9000,366.7710,370.8700,25258633,0.8419666666666666,0.9657483498255411
META,2024-10-11,584.8300,591.2100,582.7100,589.9500,8587051,0.8015769230769231,0.937830769098722
META,2024-10-10,587.5700,590.2300,582.5200,583.8300,7740449,0.7641909090909093,0.9293671629645608
META,2024-10-09,593.9900,594.3900,581.6100,590.5100,9529707,0.8006181818181818,0.9541824026541277
META,2024-10-08,589.6900,593.5600,585.9700,592.8900,7857377,0.6740411764705881,0.963967551203335
META,2024-10-07,598.2200,602.9500,584.0400,584.7800,12014198,0.5344428571428571,0.9680769954408918
META,2024-10-04,583.7300,596.8500,581.4300,595.9400,14199788,0.29783636363636357,0.92368591373617
META,2024-10-03,570.1500,583.3600,568.7300,582.7700,11580980,0.38452,0.916345727443695
META,2024-10-02,574.8600,576.0000,569.3400,572.8100,6524650,0.6165666666666667,0.939174559381273
META,2024-10-01,577.9800,583.0400,570.1000,576.4700,15259274,0.78325,0.8806351348757744
META,2024-09-30,567.7000,574.6800,564.8000,572.4400,12807206,0.9063800000000001,0.9215153515338897
META,2024-09-27,570.1000,570.8399,564.5100,567.3600,9398367,0.9392642857142858,0.9555799450193133
META,2024-09-26,575.7300,577.4000,562.3501,567.8400,14400787,0.9008333333333334,0.950717568397522
META,2024-09-25,564.0500,576.8800,563.7200,568.3100,16543350,0.8849714285714286,0.988400229385921
META,2024-09-24,566.6800,567.7450,554.1900,563.3300,12992956,0.96502,0.9655158400535584
META,2024-09-23,569.5000,573.9799,562.4100,564.4100,12830669,0.8720399999999999,0.9636853694915771
META,2024-09-20,560.0000,564.5000,556.3001,561.3500,22066817,0.6801444444444444,0.9879753887653351
META,2024-09-19,550.0000,562.0700,546.5200,559.1000,15646951,0.45171,0.9902798533439636
META,2024-09-18,537.0650,544.2000,533.9026,537.9500,10323537,0.42856999999999995,0.983472296169826
META,2024-09-17,537.6000,542.1000,530.5700,536.3150,11690779,0.34375999999999995,0.9867616380964007
META,2024-09-16,524.5400,534.1000,517.4000,533.2800,9527646,0.52315,0.9840461611747742
META,2024-09-13,520.3400,527.5810,517.1100,524.6200,10321422,0.7444249999999999,0.9855815321207047
META,2024-09-12,517.0500,526.7100,515.2200,525.6000,11993342,0.6878666666666667,0.987232118844986
META,2024-09-11,507.0100,513.1200,495.6000,511.8300,10782532,0.45147999999999994,0.9880968689918518
META,2024-09-10,508.1600,514.1800,500.0278,504.7900,9899022,0.47036,0.9895921349525452
META,2024-09-09,506.1600,511.3300,502.0800,504.7900,11047828,0.5014,0.9903814554214477
META,2024-09-06,521.8800,524.5849,498.2500,500.2700,14744521,0.32130000000000003,0.9922710231372288
META,2024-09-05,511.7200,521.6295,511.1500,516.8600,8640888,0.25978,0.9907700300216675
META,2024-09-04,506.0700,516.5900,504.0700,512.7400,8255543,0.4543750000000001,0.9929431825876236
META,2024-09-03,519.6400,525.4900,508.6176,511.7600,12459113,0.5501000000000001,0.9411351442337036
META,2024-08-30,521.3500,523.5400,515.2000,521.3100,9157541,0.803955,0.9795366644859314
META,2024-08-29,519.0500,527.2000,515.6789,518.2200,8317424,0.7179833333333333,0.9794282615184784
META,2024-08-28,517.6750,521.0850,512.4500,516.7800,9106077,0.40637999999999996,0.9773441612720489
META,2024-08-27,518.9800,524.0100,515.3100,519.1000,6282720,0.1774125,0.9935474917292595
META,2024-08-26,527.6000,528.0000,514.9500,521.1200,9584002,-0.0022444444444444565,0.9921411871910095
META,2024-08-23,536.9200,539.8700,525.0600,528.0000,11323936,0.7012,0.8760814666748047
META,2024-08-22,537.0000,544.2300,528.5900,531.9300,15708292,1.16355,0.7949236333370209
META,2024-08-21,527.1500,539.4000,526.9350,535.1600,13423292,1.11606,0.8355751991271972
META,2024-08-20,528.3500,531.0900,525.8800,526.7300,7944391,1.11324,0.9545227408409118
META,2024-08-19,526.8700,531.6600,522.7600,529.2800,9879713,0.7027222222222222,0.9928261637687683
META,2024-08-16,531.9000,533.6600,524.6600,527.4200,14776684,0.7437545454545454,0.9238047003746033
META,2024-08-15,531.7900,539.7700,526.7000,537.3300,13482141,0.9094285714285714,0.8848695755004883
META,2024-08-14,528.0600,534.0000,523.1300,526.7600,11444189,0.7389166666666668,0.8660113712151846
META,2024-08-13,520.0100,531.4999,518.1500,528.5400,13743839,0.6803800000000001,0.9216826677322387
META,2024-08-12,516.8600,518.0200,509.1000,515.9500,9767422,0.38027500000000003,0.9348297789692879
META,2024-08-09,507.7100,518.3400,505.7000,517.7700,13696640,0.5783941176470588,0.9428226141368642
META,2024-08-08,497.5000,509.9600,494.7200,509.6300,16156843,0.8149368421052632,0.9540295444036785
META,2024-08-07,503.1300,510.1500,486.8600,488.9200,20105307,0.731045,0.9543133556842804
META,2024-08-06,479.0000,502.5600,478.6500,494.0900,20954959,0.6981842105263159,0.9655250122672633
META,2024-08-05,451.3450,483.4800,450.8000,475.7300,21396191,0.4991749999999999,0.9780164610955023
META,2024-08-02,489.0000,501.1450,476.1500,488.1400,24044658,0.6039815789473684,0.9583075996488333
META,2024-08-01,521.0000,527.1709,492.1000,497.7400,43083082,0.8418700000000001,0.9397509474503366
META,2024-07-31,471.0200,476.5000,466.7500,474.8300,24285777,0.7734749999999999,0.9646677921215693
META,2024-07-30,467.0000,472.7300,456.7000,463.1900,11390439,0.5019333333333335,0.9919753472010294
META,2024-07-29,469.8800,473.9600,465.0200,465.7100,11339630,0.6798692307692308,0.9957179564696091
META,2024-07-26,464.1950,469.7700,459.4200,465.7000,14222388,0.48408333333333325,0.8910179734230042
META,2024-07-25,463.2600,463.5480,442.6500,453.4100,18240489,0.31956249999999997,0.8308961050851005
META,2024-07-24,472.3050,476.3000,460.5800,461.2700,17649738,0.42882857142857145,0.8029920359452566
META,2024-07-23,489.8400,495.2200,487.7200,488.6900,9455527,0.340775,0.9178209106127421
META,2024-07-22,486.5750,492.0600,483.9000,487.4000,12023088,0.972725,0.8164667934179306
META,2024-07-19,476.0600,486.7100,475.7100,476.7900,15149416,0.92606,0.82703937292099
META,2024-07-18,475.0000,479.2393,464.5400,475.8500,19267160,0.99455,0.9052624106407166
META,2024-07-17,479.1700,479.1700,459.1200,461.9900,28076595,1.0513,0.9240931272506714
META,2024-07-16,501.5000,503.9499,485.7900,489.7900,14075833,0.6800999999999999,0.9986895124117533
META,2024-07-15,498.6300,506.6799,493.3700,496.1600,12539163,0.60625,0.9688820342222849
META,2024-07-12,497.7550,508.0900,494.2300,498.8700,19750544,0.8684125,0.8926587104797363
META,2024-07-11,530.8900,535.4600,508.3733,512.7000,16458253,0.8860857142857143,0.9032745020730155
META,2024-07-10,530.7900,538.8800,528.3600,534.6900,10983276,0.8709000000000001,0.9879322548707327
META,2024-07-09,533.7500,537.4800,528.1901,530.0000,8769088,0.717775,0.9827862977981567
META,2024-07-08,542.3500,542.8100,526.6500,529.3200,14917495,0.7429333333333333,0.9950644175211588
META,2024-07-05,511.6000,540.8700,511.6000,539.9100,21354093,0.20146000000000003,0.9943964838981628
META,2024-07-03,506.3700,511.2800,506.0200,509.9600,6005615,0.3331,0.9917428294817606
META,2024-07-02,500.7600,510.5000,499.4500,509.5000,7739479,0.19493333333333338,0.9903339346249899
META,2024-07-01,504.9500,506.5800,493.1700,504.6800,10328150,0.5515,0.9967785179615021
META,2024-06-28,517.1500,521.8800,503.8400,504.2200,15855137,0.7922142857142856,0.9308299422264099
META,2024-06-27,514.2500,522.8799,513.9000,519.5600,10121199,0.7174142857142857,0.9267945119312831
META,2024-06-26,506.6450,513.8100,504.6765,513.1200,8882337,0.6107166666666667,0.9270808498064677
META,2024-06-25,497.0500,510.7100,495.5000,510.6000,12109769,0.5603199999999999,0.9126083970069885
META,2024-06-24,499.2000,507.8000,494.2900,498.9100,13525278,0.9151666666666666,0.9878120621045431
META,2024-06-21,503.4500,503.4500,492.3900,494.7800,23130732,1.0826600000000002,0.9960314869880676
META,2024-06-20,502.0000,503.6700,496.7700,501.7000,11801182,0.982,0.996071845293045
META,2024-06-18,504.5600,506.0000,495.0200,499.4900,13060425,0.48336666666666667,0.9464208682378134
META,2024-06-17,501.6700,510.7500,496.0100,506.6300,11266601,0.5137,0.9559925198554993
META,2024-06-14,502.6500,507.1500,500.7500,504.1600,10243347,0.34054285714285715,0.9443410975592477
META,2024-06-13,505.7100,509.3600,501.3600,504.1000,9954621,0.18505,0.9505603536963463
META,2024-06-12,513.9900,514.0100,504.4700,508.8400,11983227,0.28864285714285715,0.9858768156596592
META,2024-06-11,500.1600,507.6000,498.2700,507.4700,9673715,0.44242857142857145,0.9858221752302987
META,2024-06-10,493.8600,502.6600,493.4100,502.6000,11236919,0.25034,0.9875526428222656
META,2024-06-07,495.9100,498.9100,490.1701,492.9600,9380745,0.5245,0.9324662908911705
META,2024-06-06,492.9800,502.8200,490.8900,493.7600,10667339,0.4620888888888888,0.9399082197083367
META,2024-06-05,484.4500,496.6500,483.9100,495.0600,15690484,0.3540285714285714,0.986632696219853
META,2024-06-04,477.0000,478.8900,473.2322,476.9900,7088718,0.5850000000000001,0.9825613896052042
META,2024-06-03,470.8600,479.6000,468.2400,477.4900,11279390,0.09455,0.9990516304969788
META,2024-05-31,465.8000,469.1200,454.4601,466.8300,16919805,0.8611999999999999,0.808622141679128
META,2024-05-30,471.6700,471.7300,464.7100,467.0500,10735226,0.8611999999999999,0.808622141679128
META,2024-05-29,474.6600,479.8500,473.7000,474.3600,9226218,0.502925,0.8563316762447357
META,2024-05-28,476.5750,480.8600,474.8400,479.9200,10175770,0.19611666666666663,0.9018459022045135
META,2024-05-24,467.6200,479.8499,466.3000,478.2200,12024254,1.1264,0.995682954788208
META,2024-05-23,472.8800,474.3581,461.5400,465.7800,11747913,1.1264,0.995682954788208
META,2024-05-22,467.8700,473.7199,465.6500,467.7800,10078611,0,0
META,2024-05-21,467.1200,470.7000,462.2700,464.6300,11742189,-0.6327,0.997156023979187
META,2024-05-20,469.9500,473.2000,467.0400,468.8400,11745080,0.45875,0.9577295184135437
META,2024-05-17,470.8300,472.8000,468.4200,471.9100,10807289,1.6271499999999999,0.9514302611351013
META,2024-05-16,475.0000,477.6900,472.7500,473.2300,16608179,1.4865,0.9860713481903076
META,2024-05-15,474.9800,482.4999,471.2000,481.5400,13100470,1.2689,0.987585186958313
META,2024-05-14,463.3700,472.5400,460.0800,471.8500,10478553,0.711,0.9923450648784637
META,2024-05-13,472.7500,473.3500,462.8500,468.0100,14668798,0.711,0.9923450648784637
META,2024-05-10,477.0900,477.5000,469.6000,476.2000,10749999,0.5335571428571428,0.8828430090631757
META,2024-05-09,470.0000,476.0800,467.6300,475.4200,9437651,0.4000375,0.8961898162961006
META,2024-05-08,463.5000,475.5800,463.0020,472.6000,11683929,0.4747285714285714,0.8814636809485299
META,2024-05-07,466.2900,471.5300,461.3100,468.2400,13406816,0.2528285714285714,0.9685273340770176
META,2024-05-06,455.5800,466.1600,453.3400,465.6800,15094627,0.36959999999999993,0.9973667040467262
META,2024-05-03,445.9300,454.1700,443.8500,451.9600,16489057,0.37152999999999997,0.9903279691934586
META,2024-05-02,438.8400,443.9600,432.2800,441.6800,15221322,0.23552941176470585,0.9883370083921096
META,2024-05-01,428.6000,449.9600,427.1100,439.1900,20344947,0.24172307692307696,0.9877093938680795
META,2024-04-30,431.0500,439.6199,429.7200,430.1700,18429496,0.33200999999999997,0.9908754110336304
META,2024-04-29,439.5600,439.7600,428.5600,432.6200,21502646,0.23906874999999997,0.9775133281946182
META,2024-04-26,441.4600,446.4400,431.9600,443.2900,32691443,0.22963157894736844,0.9796701952030784
META,2024-04-25,421.4000,445.7700,414.5000,441.3800,82890741,0.24552499999999997,0.9932995140552521
META,2024-04-24,508.0600,510.0000,484.5800,493.5000,37772677,0.90862,0.9623289465904236
META,2024-04-23,491.2500,498.7600,488.9700,496.1000,15079196,0.6601833333333333,0.9668403565883636
COMP,2024-10-11,5.6200,5.9100,5.6200,5.9100,2810017,0.7669999999999999,0.9877673387527466
COMP,2024-10-10,5.5000,5.6500,5.4850,5.6200,3420485,0.7669999999999999,0.9877673387527466
COMP,2024-10-09,5.8000,5.9050,5.6140,5.6400,2716472,0,0
COMP,2024-10-08,5.7100,5.8660,5.6901,5.7400,3472709,0,0
COMP,2024-10-07,5.9500,5.9500,5.5782,5.6700,3121097,0,0
COMP,2024-10-04,6.1700,6.1700,5.9000,6.0700,3899762,0.7425,0.9984875917434692
COMP,2024-10-03,6.0900,6.2380,5.9247,6.0900,2813193,0.7425,0.9984875917434692
COMP,2024-10-02,6.1600,6.3900,6.1050,6.2400,4162144,0.7425,0.9984875917434692
COMP,2024-10-01,6.1100,6.3000,6.0100,6.2400,3820670,0,0
COMP,2024-09-30,6.2100,6.3599,6.0400,6.1100,3923418,0,0
COMP,2024-09-27,6.2100,6.3500,6.1750,6.2700,3973589,0,0
COMP,2024-09-26,6.2500,6.3050,6.1150,6.2100,5069567,0,0
COMP,2024-09-25,6.5000,6.5700,6.1150,6.1400,4567856,0,0
COMP,2024-09-24,6.2700,6.6200,6.2350,6.5900,6558190,0,0
COMP,2024-09-23,6.2000,6.2700,6.0700,6.2000,4333666,0,0
COMP,2024-09-20,6.2500,6.3400,6.1550,6.1900,12687274,0.8222,0.9991480112075806
COMP,2024-09-19,6.5100,6.5800,6.2800,6.3000,5528832,0.8222,0.9991480112075806
COMP,2024-09-18,6.5200,6.7800,6.3800,6.3900,6503817,0.8222,0.9991480112075806
COMP,2024-09-17,6.4500,6.6250,6.4050,6.5400,5905452,0.8222,0.9991480112075806
COMP,2024-09-16,6.3100,6.6200,6.2450,6.4100,7303454,1.1819,0.9928739070892334
COMP,2024-09-13,6.0500,6.4250,6.0000,6.3800,9090976,1.0622,0.8222011625766754
COMP,2024-09-12,6.0000,6.0500,5.8500,5.9600,6265830,0.9425000000000001,0.6515284180641174
COMP,2024-09-11,5.7800,5.9900,5.6312,5.9900,4654502,0.9425000000000001,0.6515284180641174
COMP,2024-09-10,5.9600,5.9900,5.7000,5.9600,5709995,1.0911666666666668,0.8795258601506551
COMP,2024-09-09,5.2400,5.9900,5.2000,5.9000,10365390,1.1655000000000002,0.993524581193924
COMP,2024-09-06,5.2800,5.3099,5.0700,5.1600,3707286,-0.4615,0.9983774781227112
COMP,2024-09-05,5.1600,5.3400,5.0950,5.2800,7124093,-0.4615,0.9983774781227112
COMP,2024-09-04,5.1200,5.3750,5.0400,5.1200,3643876,-0.6807666666666666,0.9981767932573954
COMP,2024-09-03,5.1100,5.3000,5.0900,5.1400,4651165,0,0
COMP,2024-08-30,5.2700,5.3900,5.0900,5.1300,4075527,1.3600999999999999,0.6079961657524109
COMP,2024-08-29,5.4800,5.5095,5.1600,5.1700,3610518,0,0
COMP,2024-08-28,5.5100,5.5500,5.2450,5.4400,5921744,0,0
COMP,2024-08-27,5.5900,5.6900,5.4600,5.5400,7756657,0,0
COMP,2024-08-26,5.2500,5.9199,5.1500,5.7200,16137572,0,0
COMP,2024-08-23,4.7500,5.2200,4.7150,5.1300,9961567,0.7781,0.9957131147384644
COMP,2024-08-22,4.7400,4.8350,4.6800,4.6900,2699377,0.66475,0.9970101714134216
COMP,2024-08-21,4.8300,4.8500,4.7300,4.7400,2815599,0.5514,0.9983072280883789
COMP,2024-08-20,4.8800,4.9100,4.7500,4.7700,3016203,1.1076000000000001,0.9950970113277435
COMP,2024-08-19,4.8000,4.9150,4.7600,4.8900,5730256,1.1076000000000001,0.9950970113277435
COMP,2024-08-16,4.7100,4.8600,4.6350,4.7000,5132428,-0.3603,0.9993312358856201
COMP,2024-08-15,4.5700,4.7500,4.5300,4.7100,4226608,-0.3603,0.9993312358856201
COMP,2024-08-14,4.4000,4.5900,4.2150,4.5100,4683581,0,0
COMP,2024-08-13,4.1800,4.3800,4.0900,4.3500,6053934,0.5359,0.6322398781776428
COMP,2024-08-12,4.2800,4.3200,4.1300,4.1500,3217730,0.5359,0.6322398781776428
COMP,2024-08-09,4.3500,4.4080,4.2250,4.2600,3380229,0.673,0.850841760635376
COMP,2024-08-08,4.2600,4.3700,4.1800,4.3400,2480793,0.673,0.850841760635376
COMP,2024-08-07,4.3800,4.4000,4.1400,4.1600,3899881,0.23246666666666674,0.9223766128222147
COMP,2024-08-06,4.2200,4.4300,4.2000,4.3000,3633954,0.21460000000000007,0.9962530136108398
COMP,2024-08-05,3.8900,4.2950,3.8500,4.2600,5397215,0.21460000000000007,0.9962530136108398
COMP,2024-08-02,4.0400,4.3350,3.8400,4.2800,6670662,1.63195,0.8479978442192078
COMP,2024-08-01,4.7100,4.7500,4.0700,4.2600,9252717,1.63195,0.8479978442192078
COMP,2024-07-31,4.4600,4.6638,4.3301,4.3900,8377343,0,0
COMP,2024-07-30,4.4800,4.5200,4.3750,4.4600,3507030,0,0
COMP,2024-07-29,4.4400,4.5499,4.4107,4.4700,4055674,0,0
COMP,2024-07-26,4.4300,4.4800,4.2850,4.4400,3543124,1.1257000000000001,0.9718430638313293
COMP,2024-07-25,4.3200,4.4850,4.2500,4.3200,3961336,0.9171500000000001,0.9845114052295685
COMP,2024-07-24,4.4600,4.5300,4.2900,4.3300,2525029,0.9171500000000001,0.9845114052295685
COMP,2024-07-23,4.4400,4.6850,4.4100,4.5500,3178217,0.7086,0.9971797466278076
COMP,2024-07-22,4.5500,4.5600,4.4000,4.4700,2447948,0.7086,0.9971797466278076
COMP,2024-07-19,4.4400,4.5000,4.3000,4.4600,2900496,1.2433,0.9994756579399109
COMP,2024-07-18,4.5700,4.7550,4.4200,4.4600,4503359,1.2433,0.9994756579399109
COMP,2024-07-17,4.6000,4.8850,4.5400,4.6300,6058443,1.2433,0.9994756579399109
COMP,2024-07-16,4.4300,4.7800,4.4050,4.7500,7247353,1.19785,0.99659863114357
COMP,2024-07-15,4.1400,4.4500,4.1200,4.3500,7713455,1.1524,0.993721604347229
COMP,2024-07-12,4.0600,4.1800,3.9900,4.1100,5522479,0,0
COMP,2024-07-11,3.8300,3.9900,3.7700,3.9700,5643591,0,0
COMP,2024-07-10,3.6800,3.6900,3.4800,3.6500,3020909,0,0
COMP,2024-07-09,3.6000,3.6400,3.4700,3.6400,2599936,0,0
COMP,2024-07-08,3.6400,3.6800,3.5500,3.6300,2384125,0,0
COMP,2024-07-05,3.5000,3.6000,3.4700,3.6000,1900010,1.1481000000000001,0.5109894871711731
COMP,2024-07-03,3.5500,3.6300,3.5100,3.5100,2118970,0.8526,0.991541713476181
COMP,2024-07-02,3.3900,3.5300,3.3700,3.5300,3200283,0.7917666666666667,0.993524173895518
COMP,2024-07-01,3.6000,3.6350,3.3400,3.3600,3215253,0.7917666666666667,0.993524173895518
COMP,2024-06-28,3.7400,3.7550,3.5600,3.6000,17007051,0.11370000000000002,0.9942885637283325
COMP,2024-06-27,3.6200,3.7700,3.5600,3.6900,3469577,0.11370000000000002,0.9942885637283325
COMP,2024-06-26,3.5000,3.5900,3.4650,3.5900,2996420,0,0
COMP,2024-06-25,3.5800,3.6300,3.5000,3.5400,4650135,0.007300000000000001,0.9354166388511658
COMP,2024-06-24,3.5200,3.6200,3.3700,3.4800,4409194,0.0036500000000000005,0.9388813376426697
COMP,2024-06-21,3.4800,3.5575,3.4500,3.5500,5737283,0.31054,0.9364633798599243
COMP,2024-06-20,3.6000,3.6500,3.4600,3.4900,3395521,0.388175,0.934992715716362
COMP,2024-06-18,3.5700,3.6600,3.5600,3.5900,2802861,-0.1544,0.8042870163917542
COMP,2024-06-17,3.6100,3.6600,3.5200,3.5700,2151338,0.6763,0.9303490519523621
COMP,2024-06-14,3.5900,3.6700,3.5600,3.6400,2421426,1.1006666666666665,0.9778324762980143
COMP,2024-06-13,3.9100,3.9800,3.6400,3.6600,4201724,0.6239999999999999,0.9987772107124329
COMP,2024-06-12,3.8600,4.1200,3.8300,3.9400,5216416,0.6239999999999999,0.9987772107124329
COMP,2024-06-11,3.5000,3.6700,3.4900,3.6400,2267908,0.6120999999999999,0.8784524202346802
COMP,2024-06-10,3.5200,3.5800,3.4850,3.5300,2824405,0.9430499999999999,0.871874988079071
COMP,2024-06-07,3.6500,3.6900,3.5700,3.6000,2190732,0.6930666666666667,0.9880203604698181
COMP,2024-06-06,3.6600,3.7700,3.6000,3.7300,2173617,0.39665,0.9892193675041199
COMP,2024-06-05,3.6900,3.7800,3.5950,3.7100,3632699,0,0
COMP,2024-06-04,3.6500,3.6800,3.5810,3.6300,3176703,1.4937,0.9987137317657471
COMP,2024-06-03,3.8100,3.8600,3.6100,3.7100,2351826,1.2128666666666665,0.9043891032536825
COMP,2024-05-31,3.8100,3.8600,3.7200,3.7500,2868837,0.41179999999999994,0.9041813810666403
COMP,2024-05-30,3.8100,3.8500,3.7500,3.7800,2698581,-0.9095,0.9980905652046204
COMP,2024-05-29,3.8900,3.9100,3.7700,3.7900,3076993,0,0
COMP,2024-05-28,4.0800,4.1582,3.9600,3.9800,3016043,0,0
COMP,2024-05-24,4.0400,4.1600,3.9200,4.0800,2522273,0.5445666666666665,0.9929357767105103
COMP,2024-05-23,4.2200,4.2800,3.9500,4.0400,4411987,0.5997499999999999,0.9907017052173615
COMP,2024-05-22,4.2700,4.3000,4.1600,4.2000,2875665,0,0
COMP,2024-05-21,4.2800,4.3700,4.2500,4.3000,2958057,0,0
COMP,2024-05-20,4.3000,4.5400,4.3000,4.3300,5214644,0,0
COMP,2024-05-17,4.3300,4.3500,4.1900,4.3000,3600695,0.410575,0.9678208380937576
COMP,2024-05-16,4.3800,4.4900,4.3300,4.3500,3332001,0.410575,0.9678208380937576
COMP,2024-05-15,4.5000,4.6800,4.3800,4.4100,7596136,0.19376666666666667,0.9821506937344869
COMP,2024-05-14,4.2100,4.4200,4.1900,4.3200,6330504,0.14,0.9962672591209412
COMP,2024-05-13,3.9700,4.3800,3.9700,4.1200,6812380,0.8594333333333332,0.9984281063079834
COMP,2024-05-10,4.0100,4.0600,3.7950,3.9000,6604721,0.8594333333333332,0.9984281063079834
COMP,2024-05-09,3.6600,4.0700,3.6600,4.0600,9820184,0,0
COMP,2024-05-08,3.2800,3.3100,3.2100,3.2800,3048853,0,0
COMP,2024-05-07,3.3400,3.4300,3.3200,3.4000,2130028,0.32659999999999995,0.989639163017273
COMP,2024-05-06,3.4200,3.4200,3.2100,3.3600,3148085,0.32659999999999995,0.989639163017273
COMP,2024-05-03,3.3000,3.4750,3.2800,3.3700,5226605,-1.1319,0.9989567995071411
COMP,2024-05-02,3.1900,3.2000,3.0250,3.1700,2993096,-1.1319,0.9989567995071411
COMP,2024-05-01,3.1700,3.2900,3.0450,3.1300,3094504,0,0
COMP,2024-04-30,3.2000,3.2400,3.1300,3.1500,2192718,0,0
COMP,2024-04-29,3.3300,3.4195,3.2350,3.2700,1760486,0,0
COMP,2024-04-26,3.2500,3.3695,3.2400,3.3000,2026192,0,0
COMP,2024-04-25,3.2300,3.2950,3.1900,3.2200,1924306,0,0
COMP,2024-04-24,3.3900,3.4800,3.3000,3.3300,1405457,0,0
COMP,2024-04-23,3.3400,3.5500,3.3250,3.4100,2576331,0,0
META,2024-10-11,584.8300,591.2100,582.7100,589.9500,8587051,0.8015769230769231,0.937830769098722
META,2024-10-10,587.5700,590.2300,582.5200,583.8300,7740449,0.7641909090909093,0.9293671629645608
META,2024-10-09,593.9900,594.3900,581.6100,590.5100,9529707,0.8006181818181818,0.9541824026541277
META,2024-10-08,589.6900,593.5600,585.9700,592.8900,7857377,0.6740411764705881,0.963967551203335
META,2024-10-07,598.2200,602.9500,584.0400,584.7800,12014198,0.5344428571428571,0.9680769954408918
META,2024-10-04,583.7300,596.8500,581.4300,595.9400,14199788,0.29783636363636357,0.92368591373617
META,2024-10-03,570.1500,583.3600,568.7300,582.7700,11580980,0.38452,0.916345727443695
META,2024-10-02,574.8600,576.0000,569.3400,572.8100,6524650,0.6165666666666667,0.939174559381273
META,2024-10-01,577.9800,583.0400,570.1000,576.4700,15259274,0.78325,0.8806351348757744
META,2024-09-30,567.7000,574.6800,564.8000,572.4400,12807206,0.9063800000000001,0.9215153515338897
META,2024-09-27,570.1000,570.8399,564.5100,567.3600,9398367,0.9392642857142858,0.9555799450193133
META,2024-09-26,575.7300,577.4000,562.3501,567.8400,14400787,0.9008333333333334,0.950717568397522
META,2024-09-25,564.0500,576.8800,563.7200,568.3100,16543350,0.8849714285714286,0.988400229385921
META,2024-09-24,566.6800,567.7450,554.1900,563.3300,12992956,0.96502,0.9655158400535584
META,2024-09-23,569.5000,573.9799,562.4100,564.4100,12830669,0.8720399999999999,0.9636853694915771
META,2024-09-20,560.0000,564.5000,556.3001,561.3500,22066817,0.6801444444444444,0.9879753887653351
META,2024-09-19,550.0000,562.0700,546.5200,559.1000,15646951,0.45171,0.9902798533439636
META,2024-09-18,537.0650,544.2000,533.9026,537.9500,10323537,0.42856999999999995,0.983472296169826
META,2024-09-17,537.6000,542.1000,530.5700,536.3150,11690779,0.34375999999999995,0.9867616380964007
GOOGL,2024-10-11,162.1300,163.9000,161.2350,163.2400,15344251,0.569902857142857,0.9654628225735256
GOOGL,2024-10-10,160.8700,163.0700,160.3950,162.0800,14144068,0.5180147058823529,0.9528618454933167
GOOGL,2024-10-09,163.4500,164.8400,159.7400,161.8600,31181774,0.6079615384615384,0.9413968806083386
GOOGL,2024-10-08,163.9400,164.7250,162.8700,164.3800,23072733,0.46749655172413795,0.9618817670591946
GOOGL,2024-10-07,167.7200,168.4800,162.7500,162.9800,22463140,0.4043322580645161,0.9624282640795554
GOOGL,2024-10-04,168.0600,168.2300,165.4800,167.0600,19093724,0.5190785714285714,0.9451265526669366
GOOGL,2024-10-03,164.4100,166.6400,163.9230,165.8600,15073101,0.4876388888888889,0.9323088990317451
GOOGL,2024-10-02,166.4200,167.5200,164.7300,165.8600,17760179,0.48035333333333335,0.9646165092786153
GOOGL,2024-10-01,167.6850,169.1600,164.5800,166.9900,28338123,0,0
GOOGL,2024-09-30,163.3200,166.1500,163.2600,165.8500,20481303,0,0
GOOGL,2024-09-27,162.8100,165.7000,162.6261,163.9500,21101307,0.7451343750000001,0.9666183456297843
GOOGL,2024-09-26,163.6400,164.0800,162.2800,162.7300,20319336,0.6618208333333334,0.9830547546346983
GOOGL,2024-09-25,161.4700,162.8100,161.3000,161.4900,18869199,0.8927619047619049,0.9843505110059466
GOOGL,2024-09-24,163.0300,163.2158,160.6900,162.2900,23332147,0.9175076923076924,0.9953405857086182
GOOGL,2024-09-23,164.3500,165.4900,161.6700,161.8500,24150852,0.6827533333333332,0.9955547014872234
GOOGL,2024-09-20,163.5000,163.7300,162.0600,163.5900,40896438,0.6979105263157896,0.9614421857727898
GOOGL,2024-09-19,163.7100,163.7900,161.3400,162.1400,26587733,0.7607705882352941,0.9531419952710469
GOOGL,2024-09-18,159.8600,160.5000,158.5950,159.8100,23677315,0.7251875,0.9687066929680961
GOOGL,2024-09-17,159.0200,160.5500,158.3750,159.3200,20715612,0.6248,0.9848455441625494
GOOGL,2024-09-16,157.3100,158.2500,156.6000,158.0600,18379775,0.66025,0.9932995009422302
GOOGL,2024-09-13,155.4300,158.3800,155.2100,157.4600,29591152,0.7153588235294117,0.9743529111146927
GOOGL,2024-09-12,153.8000,154.8200,152.6500,154.6900,29695048,0.7270615384615383,0.9678003614147505
GOOGL,2024-09-11,149.9200,151.5000,147.5200,151.1600,29607693,0.7432153846153844,0.9806670546531677
GOOGL,2024-09-10,150.4500,151.2700,148.3400,148.6600,31118765,0.7932571428571429,0.9918723163150606
GOOGL,2024-09-09,152.5100,153.4000,147.2150,148.7100,39260451,0.7435562499999999,0.9926417469978333
GOOGL,2024-09-06,157.3000,157.8300,150.5500,150.9200,37912130,0.4540833333333334,0.9855202005969154
GOOGL,2024-09-05,156.3000,159.4500,155.9805,157.2400,18688747,0.5322789473684211,0.9795700844965483
GOOGL,2024-09-04,156.6550,159.0000,155.9616,156.4500,19197458,0.6390210526315789,0.9738457234282243
GOOGL,2024-09-03,161.7200,161.8500,156.4800,157.3600,38945301,0.7867052631578947,0.9502785299953661
GOOGL,2024-08-30,162.6150,163.6600,161.6925,163.3800,22123811,0.6575714285714286,0.9782120784123739
GOOGL,2024-08-29,164.3100,165.9700,160.2500,161.7800,19699767,0.5177705882352942,0.9770535686436821
GOOGL,2024-08-28,165.0350,165.6000,161.5284,162.8500,16407444,0.6245799999999999,0.9951344291369121
GOOGL,2024-08-27,165.8350,166.4426,164.4600,164.6800,11821941,0.650335294117647,0.9842506787356209
GOOGL,2024-08-26,166.3800,167.5500,164.4550,166.1600,14190417,0.62385,0.9798805303871632
GOOGL,2024-08-23,164.7200,166.1800,163.8300,165.6200,13955741,0.7129631578947367,0.9731568819598148
GOOGL,2024-08-22,167.2600,167.5900,163.3100,163.8000,22493275,0.6730125,0.965490311384201
GOOGL,2024-08-21,165.1500,166.8500,164.6700,165.8500,22901997,0.64505,0.9631036307130542
GOOGL,2024-08-20,166.9000,168.6400,166.8200,167.1800,18341533,0.6866812499999999,0.9841403998434544
GOOGL,2024-08-19,165.2800,166.6900,164.2600,166.6700,22416185,0.6823238095238094,0.9779199689626694
GOOGL,2024-08-16,161.4700,165.0600,161.1300,162.9600,24208647,0.767403448275862,0.9026310134817053
GOOGL,2024-08-15,160.5000,161.6350,159.6100,161.3000,31524252,0.7970333333333333,0.8916543514832206
GOOGL,2024-08-14,162.4000,163.2200,157.7100,160.3700,40591126,0.49112941176470587,0.8673695536220775
GOOGL,2024-08-13,163.4100,164.7300,162.9700,164.1600,18551690,0.45137272727272726,0.9261458516120911
GOOGL,2024-08-12,164.3500,164.9000,161.8400,162.2900,15895286,0.5922833333333334,0.8999590873718262
GOOGL,2024-08-09,160.0100,163.7900,159.0600,163.6700,28602285,0.33552,0.9487191817977212
GOOGL,2024-08-08,160.5100,163.6900,160.2100,162.0300,25578839,0.3591,0.9650438172476632
GOOGL,2024-08-07,161.2500,162.9800,158.4700,158.9400,25138573,0.45387777777777777,0.9705360755324364
GOOGL,2024-08-06,159.3300,160.5700,156.4100,158.2900,49004561,0.5871190476190475,0.98656375784623
GOOGL,2024-08-05,155.5000,164.4300,154.9300,159.2500,53630673,0.7627235294117648,0.9805844741709092
GOOGL,2024-08-02,166.4400,168.5100,164.6700,166.6600,29130102,0.8000555555555556,0.967298557360967
GOOGL,2024-08-01,170.2500,174.0500,168.8800,170.7600,24531392,0.9026571428571428,0.9509129439081464
GOOGL,2024-07-31,173.2400,174.2450,170.0100,171.5400,25729090,0.8764928571428573,0.9685995493616376
GOOGL,2024-07-30,170.2400,171.2299,168.4400,170.2900,18959686,0.9770583333333334,0.9661746819814047
GOOGL,2024-07-29,168.8300,170.4300,167.9900,169.5300,20293822,0.7545411764705883,0.9756174385547638
GOOGL,2024-07-26,167.1500,168.0900,164.0600,167.0000,41336886,0.6125388888888889,0.933814886957407
GOOGL,2024-07-25,172.5200,173.4200,167.1900,167.2800,44851973,0.6972909090909091,0.8996417999267579
GOOGL,2024-07-24,173.6000,176.1900,171.8200,172.6300,49585203,0.8289300000000001,0.8935393989086151
GOOGL,2024-07-23,182.0500,183.6100,181.5400,181.7900,36352714,0.5368714285714286,0.946623410497393
GOOGL,2024-07-22,180.5900,182.7000,180.2300,181.6700,24100345,0.3438833333333333,0.9388013283411661
GOOGL,2024-07-19,178.8800,180.2900,177.1300,177.6600,18881885,0.47705999999999993,0.9393118222554525
GOOGL,2024-07-18,181.9300,182.5000,176.4700,177.6900,25315727,0.47351428571428567,0.9350589343479702
GOOGL,2024-07-17,182.9650,183.5500,179.9000,181.0200,20734071,0.7160555555555557,0.9079031745592753
GOOGL,2024-07-16,187.3600,188.6800,183.3736,183.9200,18290722,0.7932,0.7976072529951731
GOOGL,2024-07-15,184.9200,188.2400,184.9200,186.5300,16474043,0.8718125000000001,0.7922501116991043
GOOGL,2024-07-12,185.0800,187.1100,184.4900,185.0700,22898406,1.1122916666666667,0.8819423019886017
GOOGL,2024-07-11,189.8450,190.8600,185.0800,185.5700,25625784,0.8755909090909092,0.9239142266186801
GOOGL,2024-07-10,189.1500,191.7500,189.0300,191.1800,15952454,0.7262666666666667,0.9317564500702752
GOOGL,2024-07-09,190.3100,191.3600,188.7200,188.9800,15141312,0.60195,0.9563856199383736
GOOGL,2024-07-08,189.8950,190.1700,187.7800,189.0300,21035886,0.49404000000000003,0.9639104247093201
GOOGL,2024-07-05,185.8550,190.8600,185.8000,190.6000,20967450,0.144,0.9880541861057281
GOOGL,2024-07-03,184.8500,186.0900,184.0000,185.8200,10242126,0.6213166666666666,0.9851623276869456
GOOGL,2024-07-02,182.0500,185.5700,181.5600,185.2400,17372485,0.6341000000000001,0.9843069314956665
GOOGL,2024-07-01,183.0300,183.8800,181.3000,182.9900,16006128,0.8134444444444445,0.970657467842102
GOOGL,2024-06-28,184.3200,185.1300,181.9600,182.1500,29156644,0.7683454545454546,0.9522121060978282
GOOGL,2024-06-27,184.1800,186.0500,184.0200,185.4100,18848884,0.7105833333333332,0.947532077630361
GOOGL,2024-06-26,182.6300,184.5100,182.4800,183.8800,19838972,0.8961111111111111,0.9642542335722182
GOOGL,2024-06-25,179.6200,184.2900,179.4200,184.0300,23235589,0.7465454545454545,0.9572677395560525
GOOGL,2024-06-24,180.1600,180.8900,178.6700,179.2200,18298012,0.67025,0.9825977265834809
GOOGL,2024-06-21,177.0000,180.8500,176.6100,179.6300,58582743,0.5363142857142857,0.9581765106746128
GOOGL,2024-06-20,175.3700,177.2900,174.9900,176.3000,20160085,0.53298,0.944454801082611
GOOGL,2024-06-18,177.1400,177.3850,174.1042,175.0900,21869857,0.8857999999999999,0.9801313281059265
GOOGL,2024-06-17,175.4600,178.3600,174.8100,177.2400,19618497,0.8857999999999999,0.9801313281059265
GOOGL,2024-06-14,174.2200,177.0623,174.1500,176.7900,18063555,0.9789199999999999,0.9965312242507934
GOOGL,2024-06-13,176.1100,176.7400,174.8800,175.1600,20913299,0.9827666666666667,0.9966439505418142
GOOGL,2024-06-12,178.2500,180.4100,176.1100,177.7900,27864737,1.0076800000000001,0.9970301032066345
GOOGL,2024-06-11,176.2200,176.8400,173.7701,176.6200,21540582,0.96915,0.9972962886095047
GOOGL,2024-06-10,174.9700,177.0600,172.7600,175.0100,23779218,0.96915,0.9972962886095047
GOOGL,2024-06-07,177.0500,177.8700,174.3000,174.4600,19661399,0.4028749999999999,0.9845780432224274
GOOGL,2024-06-06,175.8950,177.1500,175.7500,176.7300,23251013,0.4028749999999999,0.9845780432224274
GOOGL,2024-06-05,175.2000,176.6450,173.9339,175.4100,22068519,1.5658999999999998,0.9495809078216553
GOOGL,2024-06-04,173.2800,173.8450,171.8900,173.7900,26879596,1.5658999999999998,0.9495809078216553
GOOGL,2024-06-03,172.5400,174.5250,171.1600,173.1700,27459118,0.0707,0.9974303841590881
GOOGL,2024-05-31,171.8600,173.0600,169.4400,172.5000,37638876,0.5408999999999999,0.9959076245625814
GOOGL,2024-05-30,175.2000,175.2200,171.7900,172.1100,22958677,0.8546750000000001,0.9968446642160416
GOOGL,2024-05-29,175.4300,176.8360,174.7200,175.9000,23388693,0.8546750000000001,0.9968446642160416
GOOGL,2024-05-28,174.4500,177.2700,174.3650,176.4000,20572157,0.7690333333333333,0.9985430836677551
GOOGL,2024-05-24,174.9800,175.7700,173.6500,174.9900,16579438,0.7131875,0.9938956275582314
GOOGL,2024-05-23,177.0700,178.2500,172.9500,173.5500,21024935,0.7072857142857144,0.993068516254425
GOOGL,2024-05-22,176.6440,177.1500,175.2100,176.3800,17880042,0.6407833333333334,0.9970464706420898
GOOGL,2024-05-21,176.9000,178.1500,175.8100,177.8500,16989369,0.3048,0.9988158226013184
GOOGL,2024-05-20,176.1920,178.7700,176.0800,176.9200,22554400,0.44849999999999995,0.9983336726824442
GOOGL,2024-05-17,174.1800,176.2650,173.6900,176.0600,24479262,0.725325,0.8738883435726166
GOOGL,2024-05-16,173.2900,175.1150,172.6900,174.1800,27867947,0.8340399999999999,0.8966277122497559
GOOGL,2024-05-15,170.6300,172.6500,170.5100,172.5100,26948370,0.6440833333333332,0.912372867266337
GOOGL,2024-05-14,169.7700,171.2500,168.8000,170.3400,25127138,0.8419166666666666,0.9119133849938711
GOOGL,2024-05-13,164.2600,169.2800,164.0000,169.1400,31327602,0.8915666666666667,0.9942895273367564
GOOGL,2024-05-10,168.0250,169.8500,166.1900,168.6500,29799931,1.3392,0.9973912239074707
GOOGL,2024-05-09,169.3900,170.6900,168.1800,169.9600,15346700,0.9064,0.9988242983818054
GOOGL,2024-05-08,169.0000,170.1500,168.7350,169.3800,19569146,0.92645,0.9981217682361603
GOOGL,2024-05-07,168.5000,171.7600,168.3900,171.2500,28039696,0.92645,0.9981217682361603
GOOGL,2024-05-06,167.4600,168.1400,166.0300,168.1000,21871283,0.9465,0.9974192380905151
GOOGL,2024-05-03,167.5600,167.9600,163.0500,167.2400,34662432,0.3482,0.9996304512023926
GOOGL,2024-05-02,164.7850,166.7300,163.8900,166.6200,24294549,0.3482,0.9996304512023926
GOOGL,2024-05-01,164.3000,167.1200,163.0900,163.8600,33493151,0.6964,0
GOOGL,2024-04-30,165.6120,168.1000,162.6000,162.7800,33562861,0.676825,0.99842768907547
GOOGL,2024-04-29,169.0580,169.5500,165.2100,166.1500,45610024,0.9939833333333333,0.9989817142486572
GOOGL,2024-04-26,174.3700,174.7100,169.6500,171.9500,64665299,1.193625,0.9994539320468903
GOOGL,2024-04-25,151.3300,156.4900,150.8700,156.0000,57109730,1.2079499999999999,0.8525913059711456
GOOGL,2024-04-24,157.4900,159.5650,157.1650,159.1300,22779112,1.2079499999999999,0.8525913059711456
GOOGL,2024-04-23,156.9600,158.9700,156.2800,158.2600,21151568,0.9224333333333332,0.8910374641418457
IBM,2024-10-11,233.2500,233.4400,230.4600,233.2600,3469322,0,0
IBM,2024-10-10,235.1000,235.8300,231.8100,233.0200,3142031,0,0
IBM,2024-10-09,229.2000,234.9500,228.5000,234.3000,5083566,0,0
IBM,2024-10-08,228.1100,229.3450,227.0401,228.6200,3245342,0.2584000000000001,0.9963654279708862
IBM,2024-10-07,225.3800,227.6700,225.0200,227.1200,3457952,0.2584000000000001,0.9963654279708862
IBM,2024-10-04,223.7500,226.0800,223.2700,226.0000,3554328,0.43065,0.7881383895874023
IBM,2024-10-03,219.5000,222.8300,219.2700,222.7200,3788265,0.43065,0.7881383895874023
IBM,2024-10-02,218.3100,220.2000,215.7980,219.7300,3343399,0.97,0.994276225566864
IBM,2024-10-01,220.6300,221.1000,215.9000,219.3500,3548374,0,0
IBM,2024-09-30,220.6500,221.3200,219.0200,221.0800,3544264,0,0
IBM,2024-09-27,223.0000,224.1500,220.7700,220.8400,3830335,0,0
IBM,2024-09-26,222.1100,224.0000,221.3550,223.4300,2673210,0,0
IBM,2024-09-25,221.1700,221.8500,220.1600,221.2300,2537751,0,0
IBM,2024-09-24,219.7800,221.1900,218.1600,220.9700,3184114,0,0
IBM,2024-09-23,218.0000,220.6200,217.2700,220.5000,4074755,0,0
IBM,2024-09-20,214.3300,217.8500,213.7400,217.7000,9958980,0,0
IBM,2024-09-19,218.0100,218.4800,210.3700,213.8900,5279559,0,0
IBM,2024-09-18,214.1300,216.8600,213.5900,214.9400,3482764,0,0
IBM,2024-09-17,217.2500,218.8400,213.0000,214.1300,5635210,0,0
IBM,2024-09-16,215.8800,217.9000,215.5200,217.1600,4176257,1.3062,0.9815829396247864
IBM,2024-09-13,212.4800,216.0900,212.1300,214.7900,4572344,0.7531,0.9815829396247864
IBM,2024-09-12,210.0000,212.6500,208.2650,211.6100,4616446,0.49705,0.9964297413825989
IBM,2024-09-11,207.7600,210.1200,203.0400,209.8900,5554309,0.49705,0.9964297413825989
IBM,2024-09-10,204.2000,205.8300,202.8700,205.3200,3070644,0.49705,0.9964297413825989
IBM,2024-09-09,201.9400,205.0500,201.4300,203.5300,3705004,0.7941,0.9964297413825989
IBM,2024-09-06,202.3800,204.1000,199.3350,200.7400,3304491,1.097,0.5874636769294739
IBM,2024-09-05,204.0800,205.9500,200.9600,202.5900,3229345,0.2877,0.7900919020175934
IBM,2024-09-04,200.7600,204.3600,200.5000,204.1100,3111332,0.31586666666666663,0.9956128597259521
IBM,2024-09-03,201.9100,204.7200,200.2100,201.2800,3874697,0.15504999999999997,0.9963296204805374
IBM,2024-08-30,199.1100,202.1700,198.7300,202.1300,4750999,0.6935666666666666,0.9733843803405762
IBM,2024-08-29,199.3000,201.1200,198.2700,198.9000,2989594,0.8201499999999999,0.9733843803405762
IBM,2024-08-28,199.0000,200.0000,197.4900,198.4600,2645244,1.8624999999999998,0.9564945101737976
IBM,2024-08-27,197.4400,199.4000,196.9700,198.7300,2617229,0,0
IBM,2024-08-26,196.0000,198.3450,195.9000,197.9800,2567217,0,0
IBM,2024-08-23,196.7900,197.3800,194.3900,196.1000,2321961,0,0
IBM,2024-08-22,197.2500,197.9200,195.5700,195.9600,1969496,0,0
IBM,2024-08-21,195.9700,197.3300,194.1150,197.2100,2579343,0,0
IBM,2024-08-20,194.5900,196.2100,193.7500,196.0300,1790371,0,0
IBM,2024-08-19,193.8400,195.5250,193.7150,194.7300,2361378,0,0
IBM,2024-08-16,193.5800,194.3500,192.8600,193.7800,2494472,0.37170000000000003,0.9235178232192993
IBM,2024-08-15,193.5100,194.2500,193.2800,193.9500,2471985,0.37170000000000003,0.9235178232192993
IBM,2024-08-14,191.1500,193.0900,190.7300,192.3200,1895114,0,0
IBM,2024-08-13,190.2900,191.3100,189.2100,190.9900,2178862,0,0
IBM,2024-08-12,191.2500,191.5761,189.0001,189.4800,2290421,0,0
IBM,2024-08-09,191.1800,192.6300,189.0400,191.4500,2773706,0.17459999999999998,0.9598098993301392
IBM,2024-08-08,187.5000,192.8800,187.0000,192.6100,3712698,0.17459999999999998,0.9598098993301392
IBM,2024-08-07,188.0800,189.8700,186.7000,186.8000,3801942,0.17459999999999998,0.9598098993301392
IBM,2024-08-06,184.7000,188.9000,183.6400,186.8000,3632517,0.17459999999999998,0.9598098993301392
IBM,2024-08-05,184.5500,185.2550,181.8100,183.3100,4975002,-0.058475000000000006,0.9958672076463699
IBM,2024-08-02,188.7800,189.2600,185.7000,189.1200,4548824,-0.058475000000000006,0.9958672076463699
IBM,2024-08-01,192.8100,193.6350,188.2900,189.6600,4085354,0,0
IBM,2024-07-31,191.0000,194.5499,189.9900,192.1400,5558405,0,0
IBM,2024-07-30,191.4800,192.7700,189.0900,191.0400,3064978,0,0
IBM,2024-07-29,193.1800,193.2900,189.1800,191.5000,3336806,1.2127333333333334,0.9768684903780619
IBM,2024-07-26,190.5100,193.5700,189.6220,191.7500,4294875,0.8432285714285713,0.9896939396858215
IBM,2024-07-25,186.8000,196.2600,185.3000,191.9800,9532802,0.5661,0.9993130266666412
IBM,2024-07-24,184.1400,185.0714,183.1450,184.0200,6962071,0.6944999999999999,0.9982836246490479
IBM,2024-07-23,184.3600,185.3800,183.0100,184.1000,2180225,0,0
IBM,2024-07-22,183.4000,184.9700,182.8600,184.1500,2488525,0.3946,0.524025022983551
IBM,2024-07-19,186.3300,187.0000,181.9500,183.2500,3816039,0.37734000000000006,0.7677288204431534
IBM,2024-07-18,186.6400,189.4700,185.1000,185.2200,3487808,0.37302500000000005,0.8489634195963541
IBM,2024-07-17,185.4400,187.9400,185.0700,187.4500,4225302,0.8275,0.8520557681719462
IBM,2024-07-16,184.6700,186.6000,184.5200,185.8100,3374526,0.8527,0.7791538238525391
IBM,2024-07-15,183.3800,184.9000,182.6000,182.8800,2925794,0.9924999999999999,0.9897524118423462
IBM,2024-07-12,178.5600,184.1600,178.5000,182.8300,4785565,0.21009999999999995,0.9951024055480957
IBM,2024-07-11,177.6500,179.4400,176.6200,178.3100,2807145,-0.11925,0.9972476959228516
IBM,2024-07-10,176.6000,178.2200,174.4500,177.8400,3462182,-0.11925,0.9972476959228516
IBM,2024-07-09,177.6000,177.7000,175.5800,176.4800,2513305,-0.11925,0.9972476959228516
IBM,2024-07-08,176.4100,178.5900,176.0100,177.6400,2503038,-0.44859999999999994,0.9993929862976074
IBM,2024-07-05,175.7400,176.0900,173.9500,176.0200,2085970,0,0
IBM,2024-07-03,177.8800,177.9800,175.1700,175.7300,1649049,1.5521,0.9865826964378357
IBM,2024-07-02,174.8400,177.4850,174.3200,177.3000,2883275,1.5521,0.9865826964378357
IBM,2024-07-01,173.4500,176.4600,173.3800,175.1000,3320961,1.5521,0.9865826964378357
IBM,2024-06-28,170.8500,173.4600,170.5300,172.9500,4193459,0,0
IBM,2024-06-27,171.1200,172.5000,170.4800,170.8500,2894001,0,0
IBM,2024-06-26,171.2800,172.6800,170.4100,171.8700,2779016,0,0
IBM,2024-06-25,175.1400,175.7526,171.4200,172.6000,4119267,1.0939,0.9984015822410583
IBM,2024-06-24,175.0000,178.4599,174.1500,175.0100,4864735,1.0939,0.9984015822410583
IBM,2024-06-21,173.9700,174.9600,171.4000,172.4600,10182025,0,0
IBM,2024-06-20,174.0800,174.2800,171.2200,173.9200,4723078,0,0
IBM,2024-06-18,170.0000,170.7500,168.3800,170.5500,3386442,0.0082,0.9891714453697205
IBM,2024-06-17,168.7600,169.7200,167.5000,169.5000,3239815,0.0082,0.9891714453697205
IBM,2024-06-14,168.2900,169.4700,167.2300,169.2100,2777717,0,0
IBM,2024-06-13,169.0100,169.5900,168.3350,169.1200,3525717,0,0
IBM,2024-06-12,171.3500,172.4700,168.1010,169.0000,3522698,0,0
IBM,2024-06-11,169.9800,170.0000,166.8100,169.3200,2951251,0,0
IBM,2024-06-10,169.5500,170.7600,168.8800,170.3800,3444684,0,0
IBM,2024-06-07,168.1800,171.3050,168.0600,170.0100,3475495,0.9355,0.9940671622753143
IBM,2024-06-06,167.3800,168.4400,166.8000,168.2000,2207263,0.9355,0.9940671622753143
IBM,2024-06-05,166.4100,167.7900,165.7800,167.3800,3049377,0.9355,0.9940671622753143
AAPL,2024-10-14,228.7000,231.7300,228.6000,231.3000,39882085,0.936,0.9484654515981674
AAPL,2024-10-11,229.3000,229.4100,227.3400,227.5500,31759188,1.0131800000000002,0.9574126839637757
AAPL,2024-10-10,227.7800,229.5000,227.1700,229.0400,28183544,0.85465,0.9925041794776917
AAPL,2024-10-09,225.2300,229.7500,224.8300,229.5400,33591091,0.9824,0.992228090763092
AAPL,2024-10-08,224.3000,225.9800,223.2500,225.7700,31855693,0.8250666666666667,0.9942382574081421
AAPL,2024-10-07,224.5000,225.6900,221.3300,221.6900,39505354,-0.10593333333333331,0.9563610355059305
AAPL,2024-10-04,227.9000,228.0000,224.1300,226.8000,37345098,0.19364375000000003,0.9511004984378815
AAPL,2024-10-03,225.1400,226.8050,223.3200,225.6700,34044158,0.43555833333333327,0.9558273702859879
AAPL,2024-10-02,225.8900,227.3700,223.0200,226.7800,32880605,0.39543,0.9889719009399414
AAPL,2024-10-01,229.5200,229.6500,223.7400,226.2100,63285048,0.7333999999999999,0.8840719014406204
AAPL,2024-09-30,230.0400,233.0000,229.6500,233.0000,54793391,0.9849399999999999,0.9041904926300048
AAPL,2024-09-27,228.4600,229.5200,227.3000,227.7900,34025967,0.8666428571428574,0.9876941953386579
AAPL,2024-09-26,227.3000,228.5000,225.4100,227.5200,36636707,0.7025333333333336,0.9886126716931661
AAPL,2024-09-25,224.9300,227.2900,224.0200,226.3700,42308715,0.7736875,0.987359456717968
AAPL,2024-09-24,228.6450,229.3500,225.7300,227.3700,43556068,0.9767666666666668,0.94900072283215
AAPL,2024-09-23,227.3400,229.4500,225.8100,226.4700,54146023,0.93538,0.9540607810020447
AAPL,2024-09-20,229.9700,233.0900,227.6200,228.2000,318679888,0.5483363636363636,0.9962748421563042
AAPL,2024-09-19,224.9900,229.8200,224.6300,228.8700,66781315,0.4492181818181818,0.9962522387504578
AAPL,2024-09-18,217.5500,222.7100,217.5400,220.6900,59894928,0.4547636363636363,0.9956609871652391
AAPL,2024-09-17,215.7500,216.9000,214.5000,216.7900,45519339,0.4145875,0.994493441922324
AAPL,2024-09-16,216.5400,217.2200,213.9200,216.3200,59357427,0.31689999999999996,0.9913548678159714
AAPL,2024-09-13,223.5800,224.0400,221.9100,222.5000,36766619,0.27702857142857146,0.9570489610944476
AAPL,2024-09-12,222.5000,223.5500,219.8200,222.7700,37498225,0.50822,0.9688945174217224
AAPL,2024-09-11,221.4550,223.0900,217.8900,222.6600,44587072,0.6234000000000001,0.965944376858798
AAPL,2024-09-10,218.9200,221.4800,216.7300,220.1100,51591033,0.9569666666666666,0.9855626821517944
AAPL,2024-09-09,220.8200,221.2700,216.7100,220.9100,67179965,0.9569666666666666,0.9855626821517944
AAPL,2024-09-06,223.9500,225.2400,219.7700,220.8200,48423011,0.7036375000000001,0.9415323734283447
AAPL,2024-09-05,221.6250,225.4800,221.5200,222.3800,36615398,0.7036375000000001,0.9415323734283447
AAPL,2024-09-04,221.6600,221.7800,217.4800,220.8500,43262758,1.08016,0.9946269989013672
AAPL,2024-09-03,228.5500,229.0000,221.1700,222.7700,50190574,0.8447833333333333,0.9150911470254263
AAPL,2024-08-30,230.1900,230.4000,227.4800,229.0000,52990770,0.6617272727272727,0.9584744095802307
AAPL,2024-08-29,230.1000,232.9200,228.8800,229.7900,51906297,0.8306714285714286,0.9516055583953857
AAPL,2024-08-28,227.9200,229.8600,225.6800,226.4900,38052167,0.8703666666666666,0.9921181201934814
AAPL,2024-08-27,225.9950,228.8500,224.8900,228.0300,35934559,0.66385,0.9928387850522995
AAPL,2024-08-26,226.7600,227.2800,223.8905,227.1800,30602208,0.581325,0.9945793598890305
AAPL,2024-08-23,225.6589,228.2200,224.3300,226.8400,38677250,0.7143777777777777,0.9345893528726366
AAPL,2024-08-22,227.7900,228.3400,223.9000,224.5300,43695321,0.7539285714285714,0.9175275053296771
AAPL,2024-08-21,226.5200,227.9800,225.0500,226.4000,34765480,0.8337333333333333,0.8827564318974813
AAPL,2024-08-20,225.7700,227.1700,225.4500,226.5100,30299033,0.7430000000000002,0.8921091556549072
AAPL,2024-08-19,225.7200,225.9900,223.0400,225.8900,40687813,0.7888833333333335,0.9377147316932678
AAPL,2024-08-16,223.9200,226.8271,223.6501,226.0500,44340240,1.28135,0.8916720449924469
AAPL,2024-08-15,224.6000,225.3500,222.7600,224.7200,46414013,1.20764,0.903136670589447
AAPL,2024-08-14,220.5700,223.0300,219.7000,221.7200,41960574,1.1104333333333334,0.8435243964195251
AAPL,2024-08-13,219.0100,221.8900,219.0100,221.2700,44155331,0.8260000000000001,0.9819572120904922
AAPL,2024-08-12,216.0700,219.5099,215.6000,217.5300,38028092,0.8786833333333334,0.9341893792152405
AAPL,2024-08-09,212.1000,216.7800,211.9700,216.2400,42201646,0.3638333333333333,0.9237922089440482
AAPL,2024-08-08,213.1100,214.2000,208.8300,213.3100,47161149,0.23297500000000002,0.963934987783432
AAPL,2024-08-07,206.9000,213.6400,206.3900,209.8200,63516417,0.10512727272727274,0.9722029939293861
AAPL,2024-08-06,205.3000,209.9900,201.0700,207.2300,69660488,0.03435714285714285,0.9931221062486822
AAPL,2024-08-05,199.0900,213.5000,196.0000,209.2700,119548589,0.25256666666666666,0.9930492460727691
AAPL,2024-08-02,219.1500,225.6000,217.7100,219.8600,105568560,0.65039,0.9918764045363978
AAPL,2024-08-01,224.3700,224.4800,217.0200,218.3600,62500996,1.0602777777777779,0.9888534843921661
AAPL,2024-07-31,221.4400,223.8200,220.6300,222.0800,50036262,0.9787375,0.9877842324120658
AAPL,2024-07-30,219.1900,220.3250,216.1200,218.8000,41643840,0.7777166666666666,0.9865877866744995
AAPL,2024-07-29,216.9600,219.3000,215.7500,218.2400,36311778,0.7133800000000001,0.9951567888259888
AAPL,2024-07-26,218.7000,219.4900,216.0100,217.9600,41601345,0.42424999999999996,0.9918345272541046
AAPL,2024-07-25,218.9300,220.8500,214.6200,217.4900,51391199,0.32957777777777775,0.9914848407109579
AAPL,2024-07-24,224.0000,224.8000,217.1300,218.5400,61777576,0.23469999999999996,0.9909486472606659
AAPL,2024-07-23,224.3650,226.9400,222.6800,225.0100,39960260,0.11236666666666668,0.996665378411611
AAPL,2024-07-22,227.0100,227.7800,223.0900,223.9600,48201835,0.5213249999999999,0.9968214631080627
AAPL,2024-07-19,224.8200,226.8000,223.2750,224.3100,49151453,0.5757857142857141,0.9985253981181553
AAPL,2024-07-18,230.2800,230.4400,222.2700,224.1800,66034585,0.40149999999999997,0.9983850419521332
AAPL,2024-07-17,229.4500,231.4599,226.6400,228.8800,57345884,0.6936375000000001,0.9989231377840042
AAPL,2024-07-16,235.0000,236.2700,232.3300,234.8200,43234278,0.7920714285714284,0.9977309874125889
AAPL,2024-07-15,236.4800,237.2300,233.0900,234.4000,62631252,0.87945,0.9968998432159424
AAPL,2024-07-12,228.9200,232.6400,228.6800,230.5400,53046527,0.34236363636363637,0.9773672250184146
AAPL,2024-07-11,231.3900,232.3900,225.7700,227.5700,64710617,0.21158947368421047,0.9743311938486601
AAPL,2024-07-10,229.3000,233.0800,229.2500,232.9800,62627687,0.4516875,0.9830343089997768
AAPL,2024-07-09,227.9300,229.4000,226.3721,228.6800,48169822,0.48135999999999995,0.9789494318621499
AAPL,2024-07-08,227.0900,227.8500,223.2500,227.8200,59085861,0.8222222222222222,0.9921764731407166
AAPL,2024-07-05,221.6500,226.4500,221.6500,226.3400,60412408,0.546925,0.9882888848131354
AAPL,2024-07-03,220.0000,221.5500,219.0300,221.5500,37369801,0.6775,0.9832374155521393
AAPL,2024-07-02,216.1500,220.3800,215.1000,220.2700,58046178,0.8238428571428571,0.9904525450297764
AAPL,2024-07-01,212.0900,217.5100,211.9200,216.7500,60402929,0.786725,0.98892642557621
AAPL,2024-06-28,215.7700,216.0700,210.3000,210.6200,82542718,0.6157,0.9792569364820208
AAPL,2024-06-27,214.6900,215.7395,212.3500,214.1000,49772707,0.5211,0.9719911068677902
AAPL,2024-06-26,211.5000,214.8600,210.6400,213.2500,66213186,0.08617999999999996,0.9965283393859863
AAPL,2024-06-25,209.1500,211.3800,208.6100,209.0700,56713868,0.1363833333333333,0.9957414070765177
AAPL,2024-06-24,207.7200,212.7000,206.5900,208.1400,80727006,0.57598,0.996947729587555
AAPL,2024-06-21,210.3900,211.8900,207.1100,207.4900,246421353,0.5905916666666667,0.9487276524305344
AAPL,2024-06-20,213.9300,214.2400,208.8500,209.6800,86172451,0.43827000000000005,0.9388657510280609
AAPL,2024-06-18,217.5900,218.6300,213.0000,214.2900,79943254,0.70994,0.9605636715888977
AAPL,2024-06-17,213.3700,218.9500,212.7200,216.6700,93728300,0.015285714285714267,0.9887144650731768
AAPL,2024-06-14,213.8500,215.1700,211.3000,212.4900,70122748,0.32107500000000005,0.9840535207798606
AAPL,2024-06-13,214.7400,216.7500,211.6000,214.2400,97862729,0.5986555555555555,0.9816812101532432
AAPL,2024-06-12,207.3700,220.2000,206.9000,213.0700,198134293,0.5959384615384615,0.9782354739996103
AAPL,2024-06-11,193.6500,207.1600,193.6300,207.1500,172373296,0.6480090909090909,0.9890574596144937
AAPL,2024-06-10,196.9000,197.3000,192.1500,193.1200,97262077,0.7205285714285713,0.9893083657537188
AAPL,2024-06-07,194.6500,196.9400,194.1400,196.8900,53103912,0,0
AAPL,2024-06-06,195.6850,196.5000,194.1700,194.4800,41181753,0,0
AAPL,2024-06-05,195.4000,196.9000,194.8700,195.8700,54156785,0,0
AAPL,2024-06-04,194.6350,195.3200,193.0342,194.3500,47471445,0.8652666666666667,0.9799306591351827
AAPL,2024-06-03,192.9000,194.9900,192.5200,194.0300,50080539,0.52694,0.9804231286048889
AAPL,2024-05-31,191.4400,192.5700,189.9100,192.2500,75158277,0.35424,0.8831963658332824
AAPL,2024-05-30,190.7600,192.1800,190.6300,191.2900,49947941,0.6381749999999999,0.8542357534170151
AAPL,2024-05-29,189.6100,192.2470,189.5100,190.2900,53068016,1.1540666666666666,0.8062841494878134
AAPL,2024-05-28,191.5100,193.0000,189.1000,189.9900,52280051,0.5344333333333333,0.8981880644957224
AAPL,2024-05-24,188.8200,190.5800,188.0404,189.9800,36326975,0.732275,0.7767990082502365
AAPL,2024-05-23,190.9800,191.0000,186.6250,186.8800,51005924,1.00716,0.9067749142646789
AAPL,2024-05-22,192.2650,192.8231,190.2700,190.9000,34648547,0.8730166666666666,0.9067749142646789
AAPL,2024-05-21,191.0900,192.7300,190.9201,192.3500,42309401,0.9089,0.9052791833877564
AAPL,2024-05-20,189.3250,191.9199,189.0100,191.0400,44361275,0.817225,0.9907863537470499
AAPL,2024-05-17,189.5100,190.8100,189.1800,189.8700,41282925,0.6362857142857142,0.9956892303058079
AAPL,2024-05-16,190.4700,191.0950,189.6601,189.8400,52845230,0.679875,0.9959296062588692
AAPL,2024-05-15,187.9100,190.6500,187.3700,189.7200,70399988,0.6649285714285714,0.9961269753319877
AAPL,2024-05-14,187.5100,188.3000,186.2900,187.4300,52393619,0.7282599999999999,0.9965781092643737
AAPL,2024-05-13,185.4350,187.1000,184.6200,186.2800,72044809,0.6861999999999999,0.9947094917297363
AAPL,2024-05-10,184.9000,185.0900,182.1300,183.0500,50759496,-0.251925,0.9987905919551849
AAPL,2024-05-09,182.5600,184.6600,182.1100,184.5700,48982972,-0.08148333333333331,0.9970231155554453
AAPL,2024-05-08,182.8500,183.0700,181.4500,182.7400,45057087,0.22654000000000002,0.996555495262146
AAPL,2024-05-07,183.4500,184.9000,181.3200,182.4000,77305771,0.5364899999999999,0.9516497075557708
AAPL,2024-05-06,182.3540,184.2000,180.4200,181.7100,78569667,0.38887,0.9517527878284454
AAPL,2024-05-03,186.6450,187.0000,182.6600,183.3800,163224109,-0.13892500000000002,0.998685896396637
AAPL,2024-05-02,172.5100,173.4150,170.8900,173.0300,94214915,0.27349999999999997,0.9983421564102173
AAPL,2024-05-01,169.5800,172.7050,169.1100,169.3000,50383147,0.27349999999999997,0.9983421564102173
AAPL,2024-04-30,173.3300,174.9900,170.0000,170.3300,65934776,0.31146666666666667,0.9961636861165365
AAPL,2024-04-29,173.3700,176.0300,173.1000,173.5000,68169419,0.4897666666666667,0.9961625933647156
AAPL,2024-04-26,169.8800,171.3400,169.1800,169.3000,44838354,1.07686,0.9599525213241578
AAPL,2024-04-25,169.5250,170.6100,168.1511,169.8900,50558329,1.4742000000000002,0.8772639185190201
AAPL,2024-04-24,166.5400,169.3000,166.2100,169.0200,48251835,1.4346599999999998,0.8708145976066589
TSLA,2024-10-14,220.1300,221.9100,213.7400,219.1600,86291923,0.44944375000000003,0.9938796575252826
TSLA,2024-10-11,220.1300,223.3400,214.3800,217.8000,142628874,0.4882,0.9397987027963003
TSLA,2024-10-10,241.8100,242.7899,232.3400,238.7700,83087063,0.41448,0.910051628947258
TSLA,2024-10-09,243.8200,247.4300,239.5100,241.0500,66289529,0.48888333333333334,0.9949262022972107
TSLA,2024-10-08,243.5600,246.2100,240.5600,244.5000,56303160,0.4574888888888889,0.9886650592088699
TSLA,2024-10-07,249.0000,249.8300,240.7000,240.8300,68113270,0.1891285714285715,0.9739159620725192
TSLA,2024-10-04,246.6900,250.9600,244.5800,250.0800,86726285,0.318948,0.9569914216796557
TSLA,2024-10-03,244.4800,249.7900,237.8100,240.6600,80729240,0.4609000000000001,0.9567875530984666
TSLA,2024-10-02,247.5500,251.1585,241.5000,249.0200,93983930,0.4271666666666667,0.9764768806370822
TSLA,2024-10-01,262.6700,263.9800,248.5300,258.0200,87397613,0.3844111111111111,0.8931052684783936
TSLA,2024-09-30,259.0400,264.8600,255.7700,261.6300,80873381,0.61045,0.877547698361533
TSLA,2024-09-27,257.3750,260.6999,254.1200,260.4600,70988067,0.5449400000000001,0.9822932362556458
TSLA,2024-09-26,260.6000,261.7500,251.5300,254.2200,67142193,0.5139714285714285,0.9820321670600346
TSLA,2024-09-25,252.5400,257.0500,252.2800,257.0200,65034318,0.49238,0.9759780943393708
TSLA,2024-09-24,254.0800,257.1900,249.0501,254.2700,88490999,0.7327666666666666,0.9729065398375193
TSLA,2024-09-23,242.6100,250.0000,241.9200,250.0000,86927194,0.128,0.8518482446670532
TSLA,2024-09-20,241.5200,243.9900,235.9200,238.2500,99879070,0.99015,0.9982081949710846
TSLA,2024-09-19,234.0000,244.2400,232.1300,243.9200,102694576,0.99015,0.9982081949710846
TSLA,2024-09-18,230.0900,235.6800,226.8800,227.2000,78010204,0.6121,0.7930228412151337
TSLA,2024-09-17,229.4500,234.5700,226.5533,227.8700,66761636,-0.014400000000000024,0.7917503714561462
TSLA,2024-09-16,229.3000,229.9600,223.5300,226.7800,54322995,0.18230000000000002,0.7563891808191935
TSLA,2024-09-13,228.0000,232.6700,226.3200,230.2900,59515114,0.24798,0.8780893087387085
TSLA,2024-09-12,224.6600,231.4500,223.8300,229.8100,72020042,0.27522,0.9407139182090759
TSLA,2024-09-11,224.5500,228.4700,216.8003,228.1300,83548633,0.08462000000000006,0.9281463742256164
TSLA,2024-09-10,220.0700,226.4000,218.6377,226.1700,78891136,0.32184,0.9836012125015259
TSLA,2024-09-09,216.2000,219.8700,213.6700,216.2700,67443518,0.3010125,0.9893238842487335
TSLA,2024-09-06,232.6000,233.6000,210.5100,210.7300,112177004,0.6380714285714288,0.9370453017098563
TSLA,2024-09-05,223.4900,235.0000,222.2500,230.1700,119355013,0.8507000000000001,0.9124698638916016
TSLA,2024-09-04,210.5900,222.2200,210.5700,219.4100,80217329,0.5859,0.9996172189712524
TSLA,2024-09-03,215.2600,219.9043,209.6400,210.6000,76714222,0.5859,0.9996172189712524
TSLA,2024-08-30,208.6300,214.5701,207.0300,214.1100,63370608,0.55601,0.9474561214447021
TSLA,2024-08-29,209.8000,214.8900,205.9700,206.2800,62308818,0.7107571428571428,0.975860059261322
TSLA,2024-08-28,209.7200,211.8400,202.5900,205.7500,64116350,0.5821666666666666,0.9723248183727264
TSLA,2024-08-27,213.2500,215.6600,206.9400,209.2100,62821390,0.5736800000000001,0.9683479309082031
TSLA,2024-08-26,218.7500,219.0900,211.0100,213.2100,59301187,0.004039999999999988,0.9897794604301453
TSLA,2024-08-23,214.4550,221.4800,214.2100,220.3200,81525207,0.28266,0.9604667782783508
TSLA,2024-08-22,223.8200,224.8000,210.3200,210.6600,79514482,0.5987333333333335,0.9422782560189565
TSLA,2024-08-21,222.6700,224.6594,218.8600,223.2700,70145964,0.5531750000000001,0.9994069337844849
TSLA,2024-08-20,224.8800,228.2200,219.5600,221.1000,74001182,0.7235,0.985787034034729
TSLA,2024-08-19,217.0700,222.9800,214.0900,222.7200,76435222,0.68614,0.9555872827768326
TSLA,2024-08-16,211.1500,219.8000,210.8000,216.1200,88765122,0.8654909090909091,0.9414216009053317
TSLA,2024-08-15,205.0200,215.8800,204.8200,214.1400,89848530,0.9167799999999998,0.9507663130760193
TSLA,2024-08-14,207.3900,208.4400,198.7500,201.3800,70250014,0.7138875,0.905054047703743
TSLA,2024-08-13,198.4700,208.4900,197.0600,207.8300,76247387,0.5408199999999999,0.9323530912399292
TSLA,2024-08-12,199.0200,199.2600,194.6700,197.4900,64044903,0.5026599999999999,0.938945186138153
TSLA,2024-08-09,197.0500,200.8800,195.1100,200.0000,58648274,0.3036142857142857,0.9688970191138131
TSLA,2024-08-08,195.7000,200.7000,192.0400,198.8400,65033874,0.25681666666666664,0.963819553454717
TSLA,2024-08-07,200.7700,203.4900,191.4800,191.7600,71159778,0.341125,0.9528510719537735
TSLA,2024-08-06,200.7500,202.9000,192.6700,200.6400,73783942,0.10599999999999998,0.9987288514773051
TSLA,2024-08-05,185.2200,203.8799,182.0000,198.8800,100308836,0.36112500000000003,0.9943862110376358
TSLA,2024-08-02,214.8800,216.1300,205.7800,207.6700,82880120,0.5075533333333334,0.990640782392942
TSLA,2024-08-01,227.6900,231.8670,214.3328,216.8600,83861898,0.5042300000000001,0.9303765818476677
TSLA,2024-07-31,227.9000,234.6800,226.7875,232.0700,67497011,0.483425,0.9214278629847935
TSLA,2024-07-30,232.2500,232.4100,220.0000,222.6200,100560334,0.11919285714285718,0.9579115555836604
TSLA,2024-07-29,224.9000,234.2700,224.7000,232.1000,129201789,0.24810000000000004,0.9715108573436737
TSLA,2024-07-26,221.1900,222.2799,215.3300,219.8000,94604145,0.39610384615384625,0.9976111004749934
TSLA,2024-07-25,216.8000,226.0000,216.2310,220.2500,100636466,0.2902315789473684,0.9975842202410978
TSLA,2024-07-24,225.4200,225.9900,214.7100,215.9900,167942939,0.29073333333333334,0.9972251415252685
TSLA,2024-07-23,253.6000,255.7594,245.6300,246.3800,111928192,0.11343333333333334,0.9972618818283081
TSLA,2024-07-22,244.2100,253.2100,243.7500,251.5100,101225430,0,0
TSLA,2024-07-19,247.7900,249.4400,236.8300,239.2000,87403903,0.5553428571428572,0.9672826741422925
TSLA,2024-07-18,251.0900,257.1400,247.2000,249.2300,110869037,0.5866466666666668,0.9693386316299438
TSLA,2024-07-17,252.7300,258.4700,246.1820,248.5000,115584810,0.6999833333333334,0.9611485054095587
TSLA,2024-07-16,255.3100,258.6200,245.8001,256.5600,126332470,0.4323857142857143,0.9877975980440775
TSLA,2024-07-15,255.9700,265.6000,251.7300,252.6400,146912920,0.31719444444444445,0.9918439388275146
TSLA,2024-07-12,235.8000,251.8400,233.0912,248.2300,155955773,0.21097058823529413,0.9717619493603706
TSLA,2024-07-11,263.3000,271.0000,239.6500,241.0300,221707273,0.15957777777777776,0.9567781910300255
TSLA,2024-07-10,262.8000,267.5900,257.8600,263.2600,128519430,0.90815,0.9823769450187683
TSLA,2024-07-09,251.0000,265.6100,250.3000,262.3300,160742516,0.4553166666666666,0.9906855324904124
TSLA,2024-07-08,247.7100,259.4390,244.5700,252.9400,157219580,0.5071,0.9989573756853739
TSLA,2024-07-05,249.8100,252.3700,242.4601,251.5200,154501152,0.29850000000000004,0.9613180905580521
TSLA,2024-07-03,234.5600,248.3500,234.2500,246.3900,166561471,0.2062375,0.9358159133366176
TSLA,2024-07-02,218.8900,231.3000,218.0600,231.2600,205047920,0.42156666666666665,0.8516566554705302
TSLA,2024-07-01,201.0200,213.2300,200.8500,209.8600,135691395,0.30823333333333336,0.9391968250274658
TSLA,2024-06-28,199.5500,203.2000,195.2600,197.8800,95438068,0.6658,0.926757887005806
TSLA,2024-06-27,195.1700,198.7200,194.0500,197.4200,72746521,0.47806666666666664,0.9607462485631307
TSLA,2024-06-26,186.5400,197.7550,186.3600,196.3700,95737066,-0.16136666666666669,0.9930425683657328
TSLA,2024-06-25,184.4000,187.9700,182.0100,187.3500,63678265,-0.17785,0.9977990984916687
TSLA,2024-06-24,184.9700,188.8000,182.5500,182.5800,61992070,0.5956999999999999,0.9942407608032227
TSLA,2024-06-21,182.3000,183.9500,180.6900,183.0100,63029482,1.1159428571428571,0.9738554017884391
TSLA,2024-06-20,184.6800,185.2100,179.6600,181.5700,55893139,1.01462,0.967124593257904
TSLA,2024-06-18,186.5600,187.2000,182.3700,184.8600,68982265,-0.0938,0.9912372827529907
TSLA,2024-06-17,177.9200,188.8100,177.0000,187.4400,109786083,-0.15290000000000004,0.9987985044717789
TSLA,2024-06-14,185.8000,186.0000,176.9200,178.0100,82038194,0.5760583333333334,0.9581650992234548
TSLA,2024-06-13,188.3900,191.0800,181.2300,182.4700,118984122,0.65022,0.9495781183242797
TSLA,2024-06-12,171.1200,180.5500,169.8000,177.2900,90389446,0.5312666666666667,0.9224854608376821
TSLA,2024-06-11,173.9200,174.7500,167.4100,170.6600,64761928,0.5272166666666667,0.993973841269811
TSLA,2024-06-10,176.0600,178.5700,173.1700,173.7900,50869682,0.518025,0.9970396608114243
TSLA,2024-06-07,176.1300,179.3500,175.5800,177.4800,56244932,1.68315,0.7694911658763885
TSLA,2024-06-06,174.6000,179.7300,172.7300,177.9400,69887024,1.3043333333333331,0.8460209568341573
TSLA,2024-06-05,175.3500,176.1500,172.1300,175.0000,57953756,1.3043333333333331,0.8460209568341573
TSLA,2024-06-04,174.7750,177.7550,174.0000,174.7700,60056340,1.1258666666666666,0.9801517923672994
TSLA,2024-06-03,178.1300,182.6389,174.4900,176.2900,68568920,0.9058499999999999,0.9954372346401215
TSLA,2024-06-03,178.1300,182.6389,174.4900,176.2900,68568920,0.9058499999999999,0.9954372346401215
TSLA,2024-05-31,178.5000,180.3200,173.8200,178.0800,67314602,1.1117,0.67988121509552
TSLA,2024-05-30,178.5750,182.6700,175.3800,178.7900,77784755,1.1117,0.67988121509552
TSLA,2024-05-29,174.1900,178.1500,173.9300,176.1900,54782649,1.1216249999999999,0.7593807876110077
TSLA,2024-05-28,176.4000,178.2500,173.1600,176.7500,59736620,0.6649999999999999,0.8071883678436279
TSLA,2024-05-24,174.8350,180.0800,173.7300,179.2400,65584478,0.128,0.9988453388214111
TSLA,2024-05-23,181.8000,181.9000,173.2600,173.7400,71975496,0,0
TSLA,2024-05-22,182.8500,183.8000,178.1200,180.1100,88313477,0,0
TSLA,2024-05-21,175.5100,186.8750,174.7100,186.6000,115266512,0,0
TSLA,2024-05-20,177.5600,177.7540,173.5200,174.9500,61727425,1.173,0.9966238737106323
TSLA,2024-05-17,173.5500,179.6300,172.7500,177.4600,77445845,0.60582,0.9958781898021698
TSLA,2024-05-16,174.1000,175.7900,171.4300,174.8400,59812220,0.6041000000000001,0.9933796226978302
TSLA,2024-05-15,179.9000,180.0000,173.1100,173.9900,79662993,0.6041000000000001,0.9933796226978302
TSLA,2024-05-14,174.4959,179.4900,174.0700,177.5500,86407422,0.4723833333333333,0.9904651165008544
TSLA,2024-05-13,170.0000,175.4000,169.0000,171.8900,67018903,0.35973999999999995,0.992082667350769
TSLA,2024-05-10,173.0500,173.0599,167.7500,168.4700,72627178,0.20627777777777778,0.9971165508031845
TSLA,2024-05-09,175.0100,175.6200,171.3700,171.9700,65950292,0.18707142857142858,0.9966977139314016
TSLA,2024-05-08,171.5900,176.0600,170.1500,174.7200,79969488,0.35955000000000004,0.9986558258533478
TSLA,2024-05-07,182.4000,183.2600,177.4000,177.8100,75045854,0.3871666666666666,0.9984586636225382
TSLA,2024-05-06,183.8000,187.5600,182.2000,184.7600,84390253,0.3892999999999999,0.9983228445053101
TSLA,2024-05-03,182.1000,184.7800,178.4200,181.1900,75491539,0.554325,0.9867099126180013
TSLA,2024-05-02,182.8600,184.6000,176.0200,180.0100,89148041,0.57775,0.9844064593315125
TSLA,2024-05-01,182.0000,185.8600,179.0100,179.9900,92829719,0.6199625,0.9809763133525848
TSLA,2024-04-30,186.9800,190.9500,182.8401,183.2800,127031787,0.5947749999999999,0.9887100085616112
TSLA,2024-04-29,188.4200,198.8700,184.5400,194.0500,243869678,0.5133285714285714,0.9982167567525592
TSLA,2024-04-26,168.8500,172.1200,166.3700,168.2900,109815725,0.437575,0.9979705959558487
TSLA,2024-04-25,158.9600,170.8800,158.3600,170.1800,126427521,0.36895,0.9929593801498413
TSLA,2024-04-24,162.8400,167.9700,157.5100,162.1300,181178020,0.3753666666666666,0.9891432642936706
GOOGL,2024-10-14,163.6400,166.2260,163.4000,164.9600,19016141,0.8306227272727272,0.991956735199148
GOOGL,2024-10-11,162.1300,163.9000,161.2350,163.2400,15344251,0.569902857142857,0.9654628225735256
GOOGL,2024-10-10,160.8700,163.0700,160.3950,162.0800,14144068,0.5180147058823529,0.9528618454933167
GOOGL,2024-10-09,163.4500,164.8400,159.7400,161.8600,31181774,0.6079615384615384,0.9413968806083386
GOOGL,2024-10-08,163.9400,164.7250,162.8700,164.3800,23072733,0,0
GOOGL,2024-10-07,167.7200,168.4800,162.7500,162.9800,22463140,0.43278000000000005,0.9612363258997599
GOOGL,2024-10-04,168.0600,168.2300,165.4800,167.0600,19093724,0.5190785714285714,0.9451265526669366
GOOGL,2024-10-03,164.4100,166.6400,163.9230,165.8600,15073101,0.4876388888888889,0.9323088990317451
GOOGL,2024-10-02,166.4200,167.5200,164.7300,165.8600,17760179,0.48035333333333335,0.9646165092786153
GOOGL,2024-10-01,167.6850,169.1600,164.5800,166.9900,28338123,0,0
GOOGL,2024-09-30,163.3200,166.1500,163.2600,165.8500,20481303,0,0
GOOGL,2024-09-27,162.8100,165.7000,162.6261,163.9500,21101307,0.7451343750000001,0.9666183456297843
GOOGL,2024-09-26,163.6400,164.0800,162.2800,162.7300,20319336,0.6618208333333334,0.9830547546346983
GOOGL,2024-09-25,161.4700,162.8100,161.3000,161.4900,18869199,0.8927619047619049,0.9843505110059466
GOOGL,2024-09-24,163.0300,163.2158,160.6900,162.2900,23332147,0.9175076923076924,0.9953405857086182
GOOGL,2024-09-23,164.3500,165.4900,161.6700,161.8500,24150852,0.6827533333333332,0.9955547014872234
GOOGL,2024-09-20,163.5000,163.7300,162.0600,163.5900,40896438,0.6979105263157896,0.9614421857727898
GOOGL,2024-09-19,163.7100,163.7900,161.3400,162.1400,26587733,0.7607705882352941,0.9531419952710469
GOOGL,2024-09-18,159.8600,160.5000,158.5950,159.8100,23677315,0.7251875,0.9687066929680961
GOOGL,2024-09-17,159.0200,160.5500,158.3750,159.3200,20715612,0.6248,0.9848455441625494
GOOGL,2024-09-16,157.3100,158.2500,156.6000,158.0600,18379775,0.66025,0.9932995009422302
GOOGL,2024-09-13,155.4300,158.3800,155.2100,157.4600,29591152,0.7153588235294117,0.9743529111146927
GOOGL,2024-09-12,153.8000,154.8200,152.6500,154.6900,29695048,0.7270615384615383,0.9678003614147505
GOOGL,2024-09-11,149.9200,151.5000,147.5200,151.1600,29607693,0.7432153846153844,0.9806670546531677
GOOGL,2024-09-10,150.4500,151.2700,148.3400,148.6600,31118765,0.7932571428571429,0.9918723163150606
GOOGL,2024-09-09,152.5100,153.4000,147.2150,148.7100,39260451,0.7435562499999999,0.9926417469978333
GOOGL,2024-09-06,157.3000,157.8300,150.5500,150.9200,37912130,0.4540833333333334,0.9855202005969154
GOOGL,2024-09-05,156.3000,159.4500,155.9805,157.2400,18688747,0.5322789473684211,0.9795700844965483
GOOGL,2024-09-04,156.6550,159.0000,155.9616,156.4500,19197458,0.6390210526315789,0.9738457234282243
GOOGL,2024-09-03,161.7200,161.8500,156.4800,157.3600,38945301,0.7867052631578947,0.9502785299953661
GOOGL,2024-08-30,162.6150,163.6600,161.6925,163.3800,22123811,0.6575714285714286,0.9782120784123739
GOOGL,2024-08-29,164.3100,165.9700,160.2500,161.7800,19699767,0.5177705882352942,0.9770535686436821
GOOGL,2024-08-28,165.0350,165.6000,161.5284,162.8500,16407444,0.6245799999999999,0.9951344291369121
GOOGL,2024-08-27,165.8350,166.4426,164.4600,164.6800,11821941,0.650335294117647,0.9842506787356209
GOOGL,2024-08-26,166.3800,167.5500,164.4550,166.1600,14190417,0.5830466666666666,0.9785861214001973
GOOGL,2024-08-23,164.7200,166.1800,163.8300,165.6200,13955741,0.6839111111111111,0.9717046717802683
GOOGL,2024-08-22,167.2600,167.5900,163.3100,163.8000,22493275,0.6730125,0.965490311384201
GOOGL,2024-08-21,165.1500,166.8500,164.6700,165.8500,22901997,0.64505,0.9631036307130542
GOOGL,2024-08-20,166.9000,168.6400,166.8200,167.1800,18341533,0.6866812499999999,0.9841403998434544
GOOGL,2024-08-19,165.2800,166.6900,164.2600,166.6700,22416185,0.6823238095238094,0.9779199689626694
GOOGL,2024-08-16,161.4700,165.0600,161.1300,162.9600,24208647,0.8170653846153845,0.9038823843002319
GOOGL,2024-08-15,160.5000,161.6350,159.6100,161.3000,31524252,0.8627523809523807,0.89150949716568
GOOGL,2024-08-14,162.4000,163.2200,157.7100,160.3700,40591126,0,0
GOOGL,2024-08-13,163.4100,164.7300,162.9700,164.1600,18551690,0,0
GOOGL,2024-08-12,164.3500,164.9000,161.8400,162.2900,15895286,0.5922833333333334,0.8999590873718262
GOOGL,2024-08-09,160.0100,163.7900,159.0600,163.6700,28602285,0,0
GOOGL,2024-08-08,160.5100,163.6900,160.2100,162.0300,25578839,0.22024285714285713,0.9627935787041982
GOOGL,2024-08-07,161.2500,162.9800,158.4700,158.9400,25138573,0.344225,0.969391907964434
GOOGL,2024-08-06,159.3300,160.5700,156.4100,158.2900,49004561,0.4631222222222222,0.9880672283470631
GOOGL,2024-08-05,155.5000,164.4300,154.9300,159.2500,53630673,0.7064875,0.9803120940923691
GOOGL,2024-08-02,166.4400,168.5100,164.6700,166.6600,29130102,0.8000555555555556,0.967298557360967
GOOGL,2024-08-01,170.2500,174.0500,168.8800,170.7600,24531392,0,0
